1310011,T19M,"None",842725.1
1310011,T19M2+T20H2,"None",839985.0
1310011,T19M2+T20H2,"Bracers, Cloak",911219.2
1310011,T19M2+T20H2,"Insignia, Bracers",937613.5
1310011,T19M2+T20H2,"Insignia, Cloak",925891.0
1310011,T19M2+T20H2,"Mantle, Bracers",951558.3
1310011,T19M2+T20H2,"Mantle, Cloak",956380.5
1310011,T19M2+T20H2,"Mantle, Insignia",963967.2
1310011,T19M2+T20H4,"None",865527.1
1310011,T19M2+T20H4,"Insignia, Bracers",969726.5
1310011,T19M4+T20H2,"None",873275.3
1310011,T19M4+T20H2,"Insignia, Bracers",966698.7
1310011,T19M,"Bracers, Cloak",902855.5
1310011,T19M,"Insignia, Bracers",929872.0
1310011,T19M,"Insignia, Cloak",937106.4
1310011,T19M,"Mantle, Bracers",942489.2
1310011,T19M,"Mantle, Cloak",967554.2
1310011,T19M,"Mantle, Insignia",968981.8
1310011,T20H,"None",832925.2
1310011,T20H,"Bracers, Cloak",905709.4
1310011,T20H,"Insignia, Bracers",931934.4
1310011,T20H,"Insignia, Cloak",922364.9
1310011,T20H,"Mantle, Bracers",945406.0
1310011,T20H,"Mantle, Cloak",955909.3
1310011,T20H,"Mantle, Insignia",958283.1
1310012,T19M,"None",800144.2
1310012,T19M2+T20H2,"None",753008.6
1310012,T19M2+T20H2,"Bracers, Cloak",835410.0
1310012,T19M2+T20H2,"Insignia, Bracers",854131.5
1310012,T19M2+T20H2,"Insignia, Cloak",825947.1
1310012,T19M2+T20H2,"Mantle, Bracers",894296.5
1310012,T19M2+T20H2,"Mantle, Cloak",876928.4
1310012,T19M2+T20H2,"Mantle, Insignia",875572.1
1310012,T19M2+T20H4,"None",787233.7
1310012,T19M2+T20H4,"Insignia, Bracers",897938.2
1310012,T19M4+T20H2,"None",827065.1
1310012,T19M4+T20H2,"Insignia, Bracers",916862.7
1310012,T19M,"Bracers, Cloak",869338.5
1310012,T19M,"Insignia, Bracers",884809.2
1310012,T19M,"Insignia, Cloak",891340.7
1310012,T19M,"Mantle, Bracers",927994.1
1310012,T19M,"Mantle, Cloak",938724.4
1310012,T19M,"Mantle, Insignia",932714.6
1310012,T20H,"None",752916.8
1310012,T20H,"Bracers, Cloak",839906.7
1310012,T20H,"Insignia, Bracers",859869.2
1310012,T20H,"Insignia, Cloak",831610.2
1310012,T20H,"Mantle, Bracers",898827.6
1310012,T20H,"Mantle, Cloak",878290.7
1310012,T20H,"Mantle, Insignia",880767.6
1310013,T19M,"None",801664.4
1310013,T19M2+T20H2,"None",776047.8
1310013,T19M2+T20H2,"Bracers, Cloak",853311.2
1310013,T19M2+T20H2,"Insignia, Bracers",874720.0
1310013,T19M2+T20H2,"Insignia, Cloak",853319.1
1310013,T19M2+T20H2,"Mantle, Bracers",899306.4
1310013,T19M2+T20H2,"Mantle, Cloak",884437.2
1310013,T19M2+T20H2,"Mantle, Insignia",895196.5
1310013,T19M2+T20H4,"None",808847.5
1310013,T19M2+T20H4,"Insignia, Bracers",918049.8
1310013,T19M4+T20H2,"None",828338.7
1310013,T19M4+T20H2,"Insignia, Bracers",920161.1
1310013,T19M,"Bracers, Cloak",866942.8
1310013,T19M,"Insignia, Bracers",889137.0
1310013,T19M,"Insignia, Cloak",891980.3
1310013,T19M,"Mantle, Bracers",916568.2
1310013,T19M,"Mantle, Cloak",918231.5
1310013,T19M,"Mantle, Insignia",928521.7
1310013,T20H,"None",774702.4
1310013,T20H,"Bracers, Cloak",856593.9
1310013,T20H,"Insignia, Bracers",881184.9
1310013,T20H,"Insignia, Cloak",857632.6
1310013,T20H,"Mantle, Bracers",903222.1
1310013,T20H,"Mantle, Cloak",889094.4
1310013,T20H,"Mantle, Insignia",897374.1
1310021,T19M,"None",953820.9
1310021,T19M2+T20H2,"None",969913.4
1310021,T19M2+T20H2,"Bracers, Cloak",1053901.5
1310021,T19M2+T20H2,"Insignia, Bracers",1087380.2
1310021,T19M2+T20H2,"Insignia, Cloak",1069406.3
1310021,T19M2+T20H2,"Mantle, Bracers",1107503.2
1310021,T19M2+T20H2,"Mantle, Cloak",1110216.0
1310021,T19M2+T20H2,"Mantle, Insignia",1118851.0
1310021,T19M2+T20H4,"None",1001462.6
1310021,T19M2+T20H4,"Insignia, Bracers",1128205.6
1310021,T19M4+T20H2,"None",982200.4
1310021,T19M4+T20H2,"Insignia, Bracers",1104290.6
1310021,T19M,"Bracers, Cloak",1029531.5
1310021,T19M,"Insignia, Bracers",1066477.1
1310021,T19M,"Insignia, Cloak",1061457.8
1310021,T19M,"Mantle, Bracers",1085283.7
1310021,T19M,"Mantle, Cloak",1097130.1
1310021,T19M,"Mantle, Insignia",1106568.0
1310021,T20H,"None",967010.3
1310021,T20H,"Bracers, Cloak",1061179.1
1310021,T20H,"Insignia, Bracers",1090013.0
1310021,T20H,"Insignia, Cloak",1079041.1
1310021,T20H,"Mantle, Bracers",1110821.6
1310021,T20H,"Mantle, Cloak",1121448.0
1310021,T20H,"Mantle, Insignia",1124743.7
1310022,T19M,"None",922094.2
1310022,T19M2+T20H2,"None",889875.6
1310022,T19M2+T20H2,"Bracers, Cloak",998126.7
1310022,T19M2+T20H2,"Insignia, Bracers",1015652.2
1310022,T19M2+T20H2,"Insignia, Cloak",988459.9
1310022,T19M2+T20H2,"Mantle, Bracers",1067427.8
1310022,T19M2+T20H2,"Mantle, Cloak",1047563.9
1310022,T19M2+T20H2,"Mantle, Insignia",1045748.5
1310022,T19M2+T20H4,"None",931556.6
1310022,T19M2+T20H4,"Insignia, Bracers",1071683.4
1310022,T19M4+T20H2,"None",952287.8
1310022,T19M4+T20H2,"Insignia, Bracers",1075396.9
1310022,T19M,"Bracers, Cloak",1017056.3
1310022,T19M,"Insignia, Bracers",1036221.3
1310022,T19M,"Insignia, Cloak",1032820.0
1310022,T19M,"Mantle, Bracers",1089468.0
1310022,T19M,"Mantle, Cloak",1093979.8
1310022,T19M,"Mantle, Insignia",1090147.9
1310022,T20H,"None",892610.0
1310022,T20H,"Bracers, Cloak",1008375.0
1310022,T20H,"Insignia, Bracers",1026724.5
1310022,T20H,"Insignia, Cloak",997864.8
1310022,T20H,"Mantle, Bracers",1079821.3
1310022,T20H,"Mantle, Cloak",1061255.4
1310022,T20H,"Mantle, Insignia",1054554.9
1310023,T19M,"None",897690.3
1310023,T19M2+T20H2,"None",883992.5
1310023,T19M2+T20H2,"Bracers, Cloak",981652.7
1310023,T19M2+T20H2,"Insignia, Bracers",1009935.5
1310023,T19M2+T20H2,"Insignia, Cloak",977988.6
1310023,T19M2+T20H2,"Mantle, Bracers",1043541.7
1310023,T19M2+T20H2,"Mantle, Cloak",1018010.9
1310023,T19M2+T20H2,"Mantle, Insignia",1030989.8
1310023,T19M2+T20H4,"None",925213.6
1310023,T19M2+T20H4,"Insignia, Bracers",1059411.1
1310023,T19M4+T20H2,"None",923016.4
1310023,T19M4+T20H2,"Insignia, Bracers",1046559.4
1310023,T19M,"Bracers, Cloak",985730.4
1310023,T19M,"Insignia, Bracers",1014617.5
1310023,T19M,"Insignia, Cloak",1001777.9
1310023,T19M,"Mantle, Bracers",1049701.0
1310023,T19M,"Mantle, Cloak",1038662.4
1310023,T19M,"Mantle, Insignia",1052165.2
1310023,T20H,"None",889681.7
1310023,T20H,"Bracers, Cloak",991904.8
1310023,T20H,"Insignia, Bracers",1019120.7
1310023,T20H,"Insignia, Cloak",990358.2
1310023,T20H,"Mantle, Bracers",1053217.1
1310023,T20H,"Mantle, Cloak",1026750.8
1310023,T20H,"Mantle, Insignia",1041760.2
1310031,T19M,"None",842073.3
1310031,T19M2+T20H2,"None",844025.4
1310031,T19M2+T20H2,"Bracers, Cloak",911756.3
1310031,T19M2+T20H2,"Insignia, Bracers",938538.9
1310031,T19M2+T20H2,"Insignia, Cloak",938528.4
1310031,T19M2+T20H2,"Mantle, Bracers",958645.3
1310031,T19M2+T20H2,"Mantle, Cloak",964151.0
1310031,T19M2+T20H2,"Mantle, Insignia",973092.5
1310031,T19M2+T20H4,"None",868391.0
1310031,T19M2+T20H4,"Insignia, Bracers",973797.5
1310031,T19M4+T20H2,"None",871771.6
1310031,T19M,"Bracers, Cloak",906228.5
1310031,T19M,"Insignia, Bracers",931098.3
1310031,T19M,"Insignia, Cloak",944479.1
1310031,T19M,"Mantle, Bracers",948808.5
1310031,T19M,"Mantle, Cloak",974660.2
1310031,T19M,"Mantle, Insignia",976130.1
1310031,T20H,"None",837226.5
1310031,T20H,"Bracers, Cloak",908954.2
1310031,T20H,"Insignia, Bracers",936385.5
1310031,T20H,"Insignia, Cloak",931776.2
1310031,T20H,"Mantle, Bracers",953368.7
1310031,T20H,"Mantle, Cloak",964696.5
1310031,T20H,"Mantle, Insignia",969462.3
1310032,T19M,"None",825645.9
1310032,T19M2+T20H2,"None",780643.9
1310032,T19M2+T20H2,"Bracers, Cloak",864539.1
1310032,T19M2+T20H2,"Insignia, Bracers",883088.5
1310032,T19M2+T20H2,"Insignia, Cloak",860796.7
1310032,T19M2+T20H2,"Mantle, Bracers",928508.5
1310032,T19M2+T20H2,"Mantle, Cloak",912241.4
1310032,T19M2+T20H2,"Mantle, Insignia",912202.5
1310032,T19M2+T20H4,"None",813935.2
1310032,T19M2+T20H4,"Insignia, Bracers",924109.4
1310032,T19M4+T20H2,"None",854326.2
1310032,T19M4+T20H2,"Insignia, Bracers",945528.5
1310032,T19M,"Bracers, Cloak",896641.9
1310032,T19M,"Insignia, Bracers",911160.9
1310032,T19M,"Insignia, Cloak",920702.8
1310032,T19M,"Mantle, Bracers",959629.4
1310032,T19M,"Mantle, Cloak",971348.1
1310032,T19M,"Mantle, Insignia",965584.4
1310032,T20H,"None",781874.1
1310032,T20H,"Bracers, Cloak",870031.2
1310032,T20H,"Insignia, Bracers",888884.6
1310032,T20H,"Insignia, Cloak",863684.6
1310032,T20H,"Mantle, Bracers",931578.8
1310032,T20H,"Mantle, Cloak",914597.9
1310032,T20H,"Mantle, Insignia",913967.6
1310033,T19M,"None",824747.2
1310033,T19M2+T20H2,"None",799734.5
1310033,T19M2+T20H2,"Bracers, Cloak",879862.4
1310033,T19M2+T20H2,"Insignia, Bracers",901494.8
1310033,T19M2+T20H2,"Insignia, Cloak",882651.5
1310033,T19M2+T20H2,"Mantle, Bracers",931267.3
1310033,T19M2+T20H2,"Mantle, Cloak",917712.4
1310033,T19M2+T20H2,"Mantle, Insignia",923090.1
1310033,T19M2+T20H4,"None",831729.1
1310033,T19M2+T20H4,"Insignia, Bracers",941667.1
1310033,T19M4+T20H2,"None",848366.6
1310033,T19M4+T20H2,"Insignia, Bracers",944071.2
1310033,T19M,"Bracers, Cloak",893839.4
1310033,T19M,"Insignia, Bracers",913939.0
1310033,T19M,"Insignia, Cloak",917910.7
1310033,T19M,"Mantle, Bracers",946523.7
1310033,T19M,"Mantle, Cloak",950374.7
1310033,T19M,"Mantle, Insignia",956363.8
1310033,T20H,"None",799790.1
1310033,T20H,"Bracers, Cloak",882298.7
1310033,T20H,"Insignia, Bracers",902872.1
1310033,T20H,"Insignia, Cloak",886266.8
1310033,T20H,"Mantle, Bracers",933323.7
1310033,T20H,"Mantle, Cloak",920576.0
1310033,T20H,"Mantle, Insignia",926886.8
1320011,T19M,"None",828023.3
1320011,T19M2+T20H2,"None",819056.6
1320011,T19M2+T20H2,"Bracers, Cloak",893864.1
1320011,T19M2+T20H2,"Insignia, Bracers",913500.7
1320011,T19M2+T20H2,"Insignia, Cloak",907508.9
1320011,T19M2+T20H2,"Mantle, Bracers",927362.5
1320011,T19M2+T20H2,"Mantle, Cloak",943596.6
1320011,T19M2+T20H2,"Mantle, Insignia",936957.5
1320011,T19M2+T20H4,"None",844941.2
1320011,T19M2+T20H4,"Insignia, Bracers",942363.5
1320011,T19M4+T20H2,"None",855575.0
1320011,T19M4+T20H2,"Insignia, Bracers",946104.6
1320011,T19M,"Bracers, Cloak",894125.5
1320011,T19M,"Insignia, Bracers",914624.6
1320011,T19M,"Insignia, Cloak",924616.5
1320011,T19M,"Mantle, Bracers",927634.3
1320011,T19M,"Mantle, Cloak",960212.0
1320011,T19M,"Mantle, Insignia",952924.4
1320011,T20H,"None",816260.8
1320011,T20H,"Bracers, Cloak",893793.7
1320011,T20H,"Insignia, Bracers",910774.3
1320011,T20H,"Insignia, Cloak",909598.4
1320011,T20H,"Mantle, Bracers",925694.2
1320011,T20H,"Mantle, Cloak",944442.1
1320011,T20H,"Mantle, Insignia",935369.7
1320012,T19M,"None",785318.3
1320012,T19M2+T20H2,"None",730318.4
1320012,T19M2+T20H2,"Bracers, Cloak",808969.7
1320012,T19M2+T20H2,"Insignia, Bracers",826336.9
1320012,T19M2+T20H2,"Insignia, Cloak",804047.4
1320012,T19M2+T20H2,"Mantle, Bracers",865386.3
1320012,T19M2+T20H2,"Mantle, Cloak",851282.3
1320012,T19M2+T20H2,"Mantle, Insignia",846969.2
1320012,T19M2+T20H4,"None",762637.1
1320012,T19M2+T20H4,"Insignia, Bracers",868242.7
1320012,T19M4+T20H2,"None",814176.8
1320012,T19M4+T20H2,"Insignia, Bracers",898641.1
1320012,T19M,"Bracers, Cloak",855672.4
1320012,T19M,"Insignia, Bracers",868501.1
1320012,T19M,"Insignia, Cloak",878395.7
1320012,T19M,"Mantle, Bracers",910661.2
1320012,T19M,"Mantle, Cloak",923927.1
1320012,T19M,"Mantle, Insignia",913671.4
1320012,T20H,"None",734488.3
1320012,T20H,"Bracers, Cloak",819313.9
1320012,T20H,"Insignia, Bracers",834397.6
1320012,T20H,"Insignia, Cloak",809984.9
1320012,T20H,"Mantle, Bracers",873621.0
1320012,T20H,"Mantle, Cloak",858316.0
1320012,T20H,"Mantle, Insignia",855587.1
1320013,T19M,"None",785438.1
1320013,T19M2+T20H2,"None",751092.0
1320013,T19M2+T20H2,"Bracers, Cloak",827390.6
1320013,T19M2+T20H2,"Insignia, Bracers",845335.1
1320013,T19M2+T20H2,"Insignia, Cloak",828414.4
1320013,T19M2+T20H2,"Mantle, Bracers",873036.3
1320013,T19M2+T20H2,"Mantle, Cloak",861402.1
1320013,T19M2+T20H2,"Mantle, Insignia",863651.1
1320013,T19M2+T20H4,"None",781983.5
1320013,T19M2+T20H4,"Insignia, Bracers",885945.1
1320013,T19M4+T20H2,"None",807322.6
1320013,T19M4+T20H2,"Insignia, Bracers",897152.3
1320013,T19M,"Bracers, Cloak",851591.3
1320013,T19M,"Insignia, Bracers",867232.3
1320013,T19M,"Insignia, Cloak",872769.5
1320013,T19M,"Mantle, Bracers",896047.5
1320013,T19M,"Mantle, Cloak",904109.6
1320013,T19M,"Mantle, Insignia",905348.1
1320013,T20H,"None",754747.8
1320013,T20H,"Bracers, Cloak",833844.1
1320013,T20H,"Insignia, Bracers",853171.2
1320013,T20H,"Insignia, Cloak",834047.3
1320013,T20H,"Mantle, Bracers",878379.6
1320013,T20H,"Mantle, Cloak",869190.8
1320013,T20H,"Mantle, Insignia",871059.7
1320021,T19M,"None",930156.2
1320021,T19M2+T20H2,"None",943245.0
1320021,T19M2+T20H2,"Bracers, Cloak",1032471.6
1320021,T19M2+T20H2,"Insignia, Bracers",1058740.1
1320021,T19M2+T20H2,"Insignia, Cloak",1046334.2
1320021,T19M2+T20H2,"Mantle, Bracers",1081668.3
1320021,T19M2+T20H2,"Mantle, Cloak",1088470.9
1320021,T19M2+T20H2,"Mantle, Insignia",1088325.3
1320021,T19M2+T20H4,"None",976859.7
1320021,T19M2+T20H4,"Insignia, Bracers",1097037.1
1320021,T19M4+T20H2,"None",956128.2
1320021,T19M4+T20H2,"Insignia, Bracers",1073996.9
1320021,T19M,"Bracers, Cloak",1009260.1
1320021,T19M,"Insignia, Bracers",1038313.3
1320021,T19M,"Insignia, Cloak",1038449.1
1320021,T19M,"Mantle, Bracers",1063348.0
1320021,T19M,"Mantle, Cloak",1076451.3
1320021,T19M,"Mantle, Insignia",1082201.9
1320021,T20H,"None",945321.9
1320021,T20H,"Bracers, Cloak",1042227.4
1320021,T20H,"Insignia, Bracers",1063530.5
1320021,T20H,"Insignia, Cloak",1057985.4
1320021,T20H,"Mantle, Bracers",1085722.8
1320021,T20H,"Mantle, Cloak",1102200.8
1320021,T20H,"Mantle, Insignia",1098129.6
1320022,T19M,"None",901395.8
1320022,T19M2+T20H2,"None",861967.5
1320022,T19M2+T20H2,"Bracers, Cloak",968228.3
1320022,T19M2+T20H2,"Insignia, Bracers",980792.3
1320022,T19M2+T20H2,"Insignia, Cloak",956337.5
1320022,T19M2+T20H2,"Mantle, Bracers",1033709.7
1320022,T19M2+T20H2,"Mantle, Cloak",1021338.2
1320022,T19M2+T20H2,"Mantle, Insignia",1010646.1
1320022,T19M2+T20H4,"None",903590.8
1320022,T19M2+T20H4,"Insignia, Bracers",1034262.0
1320022,T19M4+T20H2,"None",926857.9
1320022,T19M4+T20H2,"Insignia, Bracers",1045873.9
1320022,T19M,"Bracers, Cloak",995268.0
1320022,T19M,"Insignia, Bracers",1010132.9
1320022,T19M,"Insignia, Cloak",1008997.4
1320022,T19M,"Mantle, Bracers",1065485.5
1320022,T19M,"Mantle, Cloak",1074399.9
1320022,T19M,"Mantle, Insignia",1062597.1
1320022,T20H,"None",871327.9
1320022,T20H,"Bracers, Cloak",980913.9
1320022,T20H,"Insignia, Bracers",996433.5
1320022,T20H,"Insignia, Cloak",970063.3
1320022,T20H,"Mantle, Bracers",1050690.7
1320022,T20H,"Mantle, Cloak",1033889.4
1320022,T20H,"Mantle, Insignia",1025130.4
1320023,T19M,"None",874061.1
1320023,T19M2+T20H2,"None",856203.3
1320023,T19M2+T20H2,"Bracers, Cloak",949544.6
1320023,T19M2+T20H2,"Insignia, Bracers",972388.1
1320023,T19M2+T20H2,"Insignia, Cloak",948861.9
1320023,T19M2+T20H2,"Mantle, Bracers",1011773.7
1320023,T19M2+T20H2,"Mantle, Cloak",993810.8
1320023,T19M2+T20H2,"Mantle, Insignia",996461.6
1320023,T19M2+T20H4,"None",897307.0
1320023,T19M2+T20H4,"Insignia, Bracers",1022638.8
1320023,T19M4+T20H2,"None",894942.4
1320023,T19M4+T20H2,"Insignia, Bracers",1015309.8
1320023,T19M,"Bracers, Cloak",960019.6
1320023,T19M,"Insignia, Bracers",985923.2
1320023,T19M,"Insignia, Cloak",975837.0
1320023,T19M,"Mantle, Bracers",1023720.5
1320023,T19M,"Mantle, Cloak",1018659.8
1320023,T19M,"Mantle, Insignia",1022560.6
1320023,T20H,"None",862695.7
1320023,T20H,"Bracers, Cloak",965271.1
1320023,T20H,"Insignia, Bracers",987788.4
1320023,T20H,"Insignia, Cloak",960879.8
1320023,T20H,"Mantle, Bracers",1021327.9
1320023,T20H,"Mantle, Cloak",1003722.2
1320023,T20H,"Mantle, Insignia",1009120.3
1320031,T19M,"None",831615.8
1320031,T19M2+T20H2,"None",824194.6
1320031,T19M2+T20H2,"Bracers, Cloak",898391.9
1320031,T19M2+T20H2,"Insignia, Bracers",916487.8
1320031,T19M2+T20H2,"Insignia, Cloak",920887.2
1320031,T19M2+T20H2,"Mantle, Bracers",940237.4
1320031,T19M2+T20H2,"Mantle, Cloak",953410.5
1320031,T19M2+T20H2,"Mantle, Insignia",954326.4
1320031,T19M2+T20H4,"None",849603.8
1320031,T19M2+T20H4,"Insignia, Bracers",950747.5
1320031,T19M4+T20H2,"None",858951.2
1320031,T19M4+T20H2,"Insignia, Bracers",947408.0
1320031,T19M,"Bracers, Cloak",897621.5
1320031,T19M,"Insignia, Bracers",917115.6
1320031,T19M,"Insignia, Cloak",932080.4
1320031,T19M,"Mantle, Bracers",934864.3
1320031,T19M,"Mantle, Cloak",968902.6
1320031,T19M,"Mantle, Insignia",962792.2
1320031,T20H,"None",822381.7
1320031,T20H,"Bracers, Cloak",901652.3
1320031,T20H,"Insignia, Bracers",917429.3
1320031,T20H,"Insignia, Cloak",920413.8
1320031,T20H,"Mantle, Bracers",934427.8
1320031,T20H,"Mantle, Cloak",956552.1
1320031,T20H,"Mantle, Insignia",951494.1
1320032,T19M,"None",813128.1
1320032,T19M2+T20H2,"None",762878.5
1320032,T19M2+T20H2,"Bracers, Cloak",845316.0
1320032,T19M2+T20H2,"Insignia, Bracers",856301.1
1320032,T19M2+T20H2,"Insignia, Cloak",839424.5
1320032,T19M2+T20H2,"Mantle, Bracers",901761.6
1320032,T19M2+T20H2,"Mantle, Cloak",888873.8
1320032,T19M2+T20H2,"Mantle, Insignia",885068.9
1320032,T19M2+T20H4,"None",791363.4
1320032,T19M2+T20H4,"Insignia, Bracers",897207.3
1320032,T19M4+T20H2,"None",838002.8
1320032,T19M4+T20H2,"Insignia, Bracers",926912.4
1320032,T19M,"Bracers, Cloak",888015.5
1320032,T19M,"Insignia, Bracers",896712.4
1320032,T19M,"Insignia, Cloak",909179.8
1320032,T19M,"Mantle, Bracers",945442.1
1320032,T19M,"Mantle, Cloak",960659.3
1320032,T19M,"Mantle, Insignia",948408.1
1320032,T20H,"None",762431.7
1320032,T20H,"Bracers, Cloak",851137.2
1320032,T20H,"Insignia, Bracers",865027.7
1320032,T20H,"Insignia, Cloak",844224.1
1320032,T20H,"Mantle, Bracers",909290.2
1320032,T20H,"Mantle, Cloak",897471.9
1320032,T20H,"Mantle, Insignia",891018.7
1320033,T19M,"None",806331.0
1320033,T19M2+T20H2,"None",775645.8
1320033,T19M2+T20H2,"Bracers, Cloak",853974.0
1320033,T19M2+T20H2,"Insignia, Bracers",871363.8
1320033,T19M2+T20H2,"Insignia, Cloak",855283.9
1320033,T19M2+T20H2,"Mantle, Bracers",904083.2
1320033,T19M2+T20H2,"Mantle, Cloak",891490.8
1320033,T19M2+T20H2,"Mantle, Insignia",895322.3
1320033,T19M2+T20H4,"None",806051.5
1320033,T19M2+T20H4,"Insignia, Bracers",910960.7
1320033,T19M4+T20H2,"None",827254.3
1320033,T19M4+T20H2,"Insignia, Bracers",919315.1
1320033,T19M,"Bracers, Cloak",875007.9
1320033,T19M,"Insignia, Bracers",891653.6
1320033,T19M,"Insignia, Cloak",896998.8
1320033,T19M,"Mantle, Bracers",925645.4
1320033,T19M,"Mantle, Cloak",932604.2
1320033,T19M,"Mantle, Insignia",934564.1
1320033,T20H,"None",778490.4
1320033,T20H,"Bracers, Cloak",859384.2
1320033,T20H,"Insignia, Bracers",875964.2
1320033,T20H,"Insignia, Cloak",861842.8
1320033,T20H,"Mantle, Bracers",907351.9
1320033,T20H,"Mantle, Cloak",897394.0
1320033,T20H,"Mantle, Insignia",901423.0
1330011,T19M,"None",837380.2
1330011,T19M2+T20H2,"None",835368.0
1330011,T19M2+T20H2,"Bracers, Cloak",902995.5
1330011,T19M2+T20H2,"Insignia, Bracers",936745.3
1330011,T19M2+T20H2,"Insignia, Cloak",915485.2
1330011,T19M2+T20H2,"Mantle, Bracers",946736.2
1330011,T19M2+T20H2,"Mantle, Cloak",941936.1
1330011,T19M2+T20H2,"Mantle, Insignia",957060.4
1330011,T19M2+T20H4,"None",861173.2
1330011,T19M2+T20H4,"Insignia, Bracers",970137.1
1330011,T19M4+T20H2,"None",865762.3
1330011,T19M4+T20H2,"Insignia, Bracers",967940.6
1330011,T19M,"Bracers, Cloak",895557.0
1330011,T19M,"Insignia, Bracers",931950.4
1330011,T19M,"Insignia, Cloak",925253.8
1330011,T19M,"Mantle, Bracers",940796.9
1330011,T19M,"Mantle, Cloak",945500.0
1330011,T19M,"Mantle, Insignia",962539.1
1330011,T20H,"None",828331.1
1330011,T20H,"Bracers, Cloak",900528.8
1330011,T20H,"Insignia, Bracers",932447.6
1330011,T20H,"Insignia, Cloak",913999.2
1330011,T20H,"Mantle, Bracers",941586.9
1330011,T20H,"Mantle, Cloak",937171.6
1330011,T20H,"Mantle, Insignia",951516.9
1330012,T19M,"None",796477.0
1330012,T19M2+T20H2,"None",748889.2
1330012,T19M2+T20H2,"Bracers, Cloak",825365.0
1330012,T19M2+T20H2,"Insignia, Bracers",854089.0
1330012,T19M2+T20H2,"Insignia, Cloak",818260.9
1330012,T19M2+T20H2,"Mantle, Bracers",889714.8
1330012,T19M2+T20H2,"Mantle, Cloak",860159.2
1330012,T19M2+T20H2,"Mantle, Insignia",871362.6
1330012,T19M2+T20H4,"None",783874.5
1330012,T19M2+T20H4,"Insignia, Bracers",900228.8
1330012,T19M4+T20H2,"None",823837.3
1330012,T19M4+T20H2,"Insignia, Bracers",919185.7
1330012,T19M,"Bracers, Cloak",859832.4
1330012,T19M,"Insignia, Bracers",888495.1
1330012,T19M,"Insignia, Cloak",882146.5
1330012,T19M,"Mantle, Bracers",922390.0
1330012,T19M,"Mantle, Cloak",918760.8
1330012,T19M,"Mantle, Insignia",930019.4
1330012,T20H,"None",748612.2
1330012,T20H,"Bracers, Cloak",832364.1
1330012,T20H,"Insignia, Bracers",860995.1
1330012,T20H,"Insignia, Cloak",824181.5
1330012,T20H,"Mantle, Bracers",892730.0
1330012,T20H,"Mantle, Cloak",861941.6
1330012,T20H,"Mantle, Insignia",875747.2
1330013,T19M,"None",793504.5
1330013,T19M2+T20H2,"None",770764.0
1330013,T19M2+T20H2,"Bracers, Cloak",845767.6
1330013,T19M2+T20H2,"Insignia, Bracers",874772.4
1330013,T19M2+T20H2,"Insignia, Cloak",845044.9
1330013,T19M2+T20H2,"Mantle, Bracers",893224.7
1330013,T19M2+T20H2,"Mantle, Cloak",868201.9
1330013,T19M2+T20H2,"Mantle, Insignia",885209.3
1330013,T19M2+T20H4,"None",803582.9
1330013,T19M2+T20H4,"Insignia, Bracers",917831.6
1330013,T19M4+T20H2,"None",818227.4
1330013,T19M4+T20H2,"Insignia, Bracers",921238.4
1330013,T19M,"Bracers, Cloak",857820.1
1330013,T19M,"Insignia, Bracers",891289.7
1330013,T19M,"Insignia, Cloak",876522.7
1330013,T19M,"Mantle, Bracers",908375.7
1330013,T19M,"Mantle, Cloak",897442.9
1330013,T19M,"Mantle, Insignia",917870.8
1330013,T20H,"None",772178.8
1330013,T20H,"Bracers, Cloak",849580.3
1330013,T20H,"Insignia, Bracers",881294.3
1330013,T20H,"Insignia, Cloak",849711.8
1330013,T20H,"Mantle, Bracers",899974.7
1330013,T20H,"Mantle, Cloak",872031.0
1330013,T20H,"Mantle, Insignia",889833.9
1330021,T19M,"None",924225.9
1330021,T19M2+T20H2,"None",940753.1
1330021,T19M2+T20H2,"Bracers, Cloak",1022462.7
1330021,T19M2+T20H2,"Insignia, Bracers",1069790.1
1330021,T19M2+T20H2,"Insignia, Cloak",1038355.4
1330021,T19M2+T20H2,"Mantle, Bracers",1076924.7
1330021,T19M2+T20H2,"Mantle, Cloak",1057690.4
1330021,T19M2+T20H2,"Mantle, Insignia",1087149.0
1330021,T19M2+T20H4,"None",976969.7
1330021,T19M2+T20H4,"Insignia, Bracers",1112309.6
1330021,T19M4+T20H2,"None",944996.3
1330021,T19M4+T20H2,"Insignia, Bracers",1078945.3
1330021,T19M,"Bracers, Cloak",996669.1
1330021,T19M,"Insignia, Bracers",1046009.0
1330021,T19M,"Insignia, Cloak",1019984.5
1330021,T19M,"Mantle, Bracers",1053326.7
1330021,T19M,"Mantle, Cloak",1045623.7
1330021,T19M,"Mantle, Insignia",1071581.6
1330021,T20H,"None",948769.8
1330021,T20H,"Bracers, Cloak",1033562.6
1330021,T20H,"Insignia, Bracers",1076100.8
1330021,T20H,"Insignia, Cloak",1049517.2
1330021,T20H,"Mantle, Bracers",1086628.6
1330021,T20H,"Mantle, Cloak",1074231.7
1330021,T20H,"Mantle, Insignia",1099925.6
1330022,T19M,"None",902144.7
1330022,T19M2+T20H2,"None",875948.2
1330022,T19M2+T20H2,"Bracers, Cloak",975934.0
1330022,T19M2+T20H2,"Insignia, Bracers",1008262.3
1330022,T19M2+T20H2,"Insignia, Cloak",967104.2
1330022,T19M2+T20H2,"Mantle, Bracers",1050151.6
1330022,T19M2+T20H2,"Mantle, Cloak",1016399.9
1330022,T19M2+T20H2,"Mantle, Insignia",1029537.1
1330022,T19M2+T20H4,"None",921820.6
1330022,T19M2+T20H4,"Insignia, Bracers",1063889.6
1330022,T19M4+T20H2,"None",929830.9
1330022,T19M4+T20H2,"Insignia, Bracers",1062000.0
1330022,T19M,"Bracers, Cloak",991268.5
1330022,T19M,"Insignia, Bracers",1023252.4
1330022,T19M,"Insignia, Cloak",1004888.1
1330022,T19M,"Mantle, Bracers",1067682.1
1330022,T19M,"Mantle, Cloak",1046491.7
1330022,T19M,"Mantle, Insignia",1068500.2
1330022,T20H,"None",883685.8
1330022,T20H,"Bracers, Cloak",991332.9
1330022,T20H,"Insignia, Bracers",1023576.4
1330022,T20H,"Insignia, Cloak",980204.1
1330022,T20H,"Mantle, Bracers",1062221.2
1330022,T20H,"Mantle, Cloak",1026316.2
1330022,T20H,"Mantle, Insignia",1042840.9
1330023,T19M,"None",874670.6
1330023,T19M2+T20H2,"None",867416.6
1330023,T19M2+T20H2,"Bracers, Cloak",960711.8
1330023,T19M2+T20H2,"Insignia, Bracers",994791.0
1330023,T19M2+T20H2,"Insignia, Cloak",955876.8
1330023,T19M2+T20H2,"Mantle, Bracers",1024953.6
1330023,T19M2+T20H2,"Mantle, Cloak",982694.5
1330023,T19M2+T20H2,"Mantle, Insignia",1008868.8
1330023,T19M2+T20H4,"None",906498.2
1330023,T19M2+T20H4,"Insignia, Bracers",1050091.1
1330023,T19M4+T20H2,"None",895453.8
1330023,T19M4+T20H2,"Insignia, Bracers",1030076.7
1330023,T19M,"Bracers, Cloak",957546.4
1330023,T19M,"Insignia, Bracers",998399.3
1330023,T19M,"Insignia, Cloak",967734.6
1330023,T19M,"Mantle, Bracers",1024962.6
1330023,T19M,"Mantle, Cloak",994110.4
1330023,T19M,"Mantle, Insignia",1026496.1
1330023,T20H,"None",875461.4
1330023,T20H,"Bracers, Cloak",972640.1
1330023,T20H,"Insignia, Bracers",1012603.6
1330023,T20H,"Insignia, Cloak",969781.4
1330023,T20H,"Mantle, Bracers",1035892.1
1330023,T20H,"Mantle, Cloak",994441.5
1330023,T20H,"Mantle, Insignia",1021644.6
1330031,T19M,"None",851521.6
1330031,T19M2+T20H2,"None",852922.1
1330031,T19M2+T20H2,"Bracers, Cloak",921162.9
1330031,T19M2+T20H2,"Insignia, Bracers",956973.7
1330031,T19M2+T20H2,"Insignia, Cloak",938955.7
1330031,T19M2+T20H2,"Mantle, Bracers",971358.9
1330031,T19M2+T20H2,"Mantle, Cloak",964481.1
1330031,T19M2+T20H2,"Mantle, Insignia",980769.7
1330031,T19M2+T20H4,"None",877758.7
1330031,T19M2+T20H4,"Insignia, Bracers",987897.1
1330031,T19M4+T20H2,"None",879148.9
1330031,T19M4+T20H2,"Insignia, Bracers",983709.6
1330031,T19M,"Bracers, Cloak",910445.9
1330031,T19M,"Insignia, Bracers",950078.3
1330031,T19M,"Insignia, Cloak",940012.8
1330031,T19M,"Mantle, Bracers",963765.3
1330031,T19M,"Mantle, Cloak",964916.4
1330031,T19M,"Mantle, Insignia",987126.6
1330031,T20H,"None",847242.0
1330031,T20H,"Bracers, Cloak",920988.8
1330031,T20H,"Insignia, Bracers",952077.1
1330031,T20H,"Insignia, Cloak",936018.5
1330031,T20H,"Mantle, Bracers",968264.3
1330031,T20H,"Mantle, Cloak",964732.3
1330031,T20H,"Mantle, Insignia",977753.1
1330032,T19M,"None",831888.8
1330032,T19M2+T20H2,"None",795585.0
1330032,T19M2+T20H2,"Bracers, Cloak",878102.4
1330032,T19M2+T20H2,"Insignia, Bracers",906156.7
1330032,T19M2+T20H2,"Insignia, Cloak",871447.3
1330032,T19M2+T20H2,"Mantle, Bracers",942119.9
1330032,T19M2+T20H2,"Mantle, Cloak",913785.9
1330032,T19M2+T20H2,"Mantle, Insignia",925527.2
1330032,T19M2+T20H4,"None",830647.3
1330032,T19M2+T20H4,"Insignia, Bracers",948636.3
1330032,T19M4+T20H2,"None",859141.5
1330032,T19M4+T20H2,"Insignia, Bracers",962678.1
1330032,T19M,"Bracers, Cloak",903610.6
1330032,T19M,"Insignia, Bracers",931574.3
1330032,T19M,"Insignia, Cloak",924848.9
1330032,T19M,"Mantle, Bracers",968306.0
1330032,T19M,"Mantle, Cloak",958750.2
1330032,T19M,"Mantle, Insignia",971534.6
1330032,T20H,"None",798724.5
1330032,T20H,"Bracers, Cloak",884214.8
1330032,T20H,"Insignia, Bracers",913521.2
1330032,T20H,"Insignia, Cloak",878448.3
1330032,T20H,"Mantle, Bracers",947518.4
1330032,T20H,"Mantle, Cloak",918975.2
1330032,T20H,"Mantle, Insignia",929082.0
1330033,T19M,"None",816867.2
1330033,T19M2+T20H2,"None",799175.4
1330033,T19M2+T20H2,"Bracers, Cloak",878539.9
1330033,T19M2+T20H2,"Insignia, Bracers",906779.4
1330033,T19M2+T20H2,"Insignia, Cloak",880065.5
1330033,T19M2+T20H2,"Mantle, Bracers",933388.6
1330033,T19M2+T20H2,"Mantle, Cloak",904334.4
1330033,T19M2+T20H2,"Mantle, Insignia",925451.4
1330033,T19M2+T20H4,"None",832494.4
1330033,T19M2+T20H4,"Insignia, Bracers",950070.2
1330033,T19M4+T20H2,"None",839898.0
1330033,T19M4+T20H2,"Insignia, Bracers",949231.5
1330033,T19M,"Bracers, Cloak",886633.1
1330033,T19M,"Insignia, Bracers",917628.4
1330033,T19M,"Insignia, Cloak",903295.2
1330033,T19M,"Mantle, Bracers",943638.9
1330033,T19M,"Mantle, Cloak",924898.2
1330033,T19M,"Mantle, Insignia",949547.0
1330033,T20H,"None",802236.6
1330033,T20H,"Bracers, Cloak",882700.8
1330033,T20H,"Insignia, Bracers",915096.9
1330033,T20H,"Insignia, Cloak",884493.4
1330033,T20H,"Mantle, Bracers",938392.7
1330033,T20H,"Mantle, Cloak",910499.2
1330033,T20H,"Mantle, Insignia",929299.8
2310011,T19M,"None",828431.3
2310011,T19M2+T20H2,"None",832486.1
2310011,T19M2+T20H2,"Bracers, Cloak",903488.1
2310011,T19M2+T20H2,"Insignia, Bracers",932382.1
2310011,T19M2+T20H2,"Insignia, Cloak",922080.9
2310011,T19M2+T20H2,"Mantle, Bracers",944696.5
2310011,T19M2+T20H2,"Mantle, Cloak",949449.0
2310011,T19M2+T20H2,"Mantle, Insignia",956216.3
2310011,T19M2+T20H4,"None",856945.0
2310011,T19M2+T20H4,"Insignia, Bracers",966116.2
2310011,T19M4+T20H2,"None",858564.3
2310011,T19M4+T20H2,"Insignia, Bracers",956899.1
2310011,T19M,"Bracers, Cloak",890993.1
2310011,T19M,"Insignia, Bracers",918894.9
2310011,T19M,"Insignia, Cloak",923480.3
2310011,T19M,"Mantle, Bracers",932025.4
2310011,T19M,"Mantle, Cloak",952440.5
2310011,T19M,"Mantle, Insignia",956938.2
2310011,T20H,"None",824435.9
2310011,T20H,"Bracers, Cloak",897997.3
2310011,T20H,"Insignia, Bracers",926436.1
2310011,T20H,"Insignia, Cloak",913965.9
2310011,T20H,"Mantle, Bracers",936323.4
2310011,T20H,"Mantle, Cloak",945841.9
2310011,T20H,"Mantle, Insignia",951040.8
2310012,T19M,"None",802409.2
2310012,T19M2+T20H2,"None",759649.0
2310012,T19M2+T20H2,"Bracers, Cloak",849114.3
2310012,T19M2+T20H2,"Insignia, Bracers",868700.9
2310012,T19M2+T20H2,"Insignia, Cloak",836088.4
2310012,T19M2+T20H2,"Mantle, Bracers",909386.1
2310012,T19M2+T20H2,"Mantle, Cloak",885733.0
2310012,T19M2+T20H2,"Mantle, Insignia",886480.0
2310012,T19M2+T20H4,"None",791517.8
2310012,T19M2+T20H4,"Insignia, Bracers",911835.6
2310012,T19M4+T20H2,"None",831919.8
2310012,T19M4+T20H2,"Insignia, Bracers",928450.7
2310012,T19M,"Bracers, Cloak",874056.0
2310012,T19M,"Insignia, Bracers",891596.0
2310012,T19M,"Insignia, Cloak",894755.6
2310012,T19M,"Mantle, Bracers",936123.7
2310012,T19M,"Mantle, Cloak",942156.6
2310012,T19M,"Mantle, Insignia",939546.6
2310012,T20H,"None",757604.8
2310012,T20H,"Bracers, Cloak",847884.0
2310012,T20H,"Insignia, Bracers",869724.5
2310012,T20H,"Insignia, Cloak",839338.2
2310012,T20H,"Mantle, Bracers",908269.3
2310012,T20H,"Mantle, Cloak",885996.5
2310012,T20H,"Mantle, Insignia",888483.8
2310013,T19M,"None",799648.0
2310013,T19M2+T20H2,"None",781387.2
2310013,T19M2+T20H2,"Bracers, Cloak",861321.8
2310013,T19M2+T20H2,"Insignia, Bracers",885617.8
2310013,T19M2+T20H2,"Insignia, Cloak",859644.2
2310013,T19M2+T20H2,"Mantle, Bracers",910132.7
2310013,T19M2+T20H2,"Mantle, Cloak",889730.8
2310013,T19M2+T20H2,"Mantle, Insignia",902326.6
2310013,T19M2+T20H4,"None",812706.3
2310013,T19M2+T20H4,"Insignia, Bracers",928120.5
2310013,T19M4+T20H2,"None",827504.5
2310013,T19M4+T20H2,"Insignia, Bracers",928642.0
2310013,T19M,"Bracers, Cloak",868764.6
2310013,T19M,"Insignia, Bracers",894491.2
2310013,T19M,"Insignia, Cloak",890477.4
2310013,T19M,"Mantle, Bracers",919265.6
2310013,T19M,"Mantle, Cloak",917339.4
2310013,T19M,"Mantle, Insignia",930577.4
2310013,T20H,"None",778418.6
2310013,T20H,"Bracers, Cloak",862985.3
2310013,T20H,"Insignia, Bracers",887426.1
2310013,T20H,"Insignia, Cloak",864153.7
2310013,T20H,"Mantle, Bracers",910338.5
2310013,T20H,"Mantle, Cloak",890783.4
2310013,T20H,"Mantle, Insignia",902881.5
2310021,T19M,"None",925218.6
2310021,T19M2+T20H2,"None",947805.1
2310021,T19M2+T20H2,"Bracers, Cloak",1032588.3
2310021,T19M2+T20H2,"Insignia, Bracers",1068214.1
2310021,T19M2+T20H2,"Insignia, Cloak",1050374.2
2310021,T19M2+T20H2,"Mantle, Bracers",1091666.3
2310021,T19M2+T20H2,"Mantle, Cloak",1084208.8
2310021,T19M2+T20H2,"Mantle, Insignia",1096960.5
2310021,T19M2+T20H4,"None",979089.0
2310021,T19M2+T20H4,"Insignia, Bracers",1110044.4
2310021,T19M4+T20H2,"None",957526.7
2310021,T19M4+T20H2,"Insignia, Bracers",1085319.3
2310021,T19M,"Bracers, Cloak",1007273.7
2310021,T19M,"Insignia, Bracers",1042715.1
2310021,T19M,"Insignia, Cloak",1033073.7
2310021,T19M,"Mantle, Bracers",1064764.9
2310021,T19M,"Mantle, Cloak",1071179.0
2310021,T19M,"Mantle, Insignia",1082056.3
2310021,T20H,"None",944162.0
2310021,T20H,"Bracers, Cloak",1040848.3
2310021,T20H,"Insignia, Bracers",1073275.5
2310021,T20H,"Insignia, Cloak",1054903.4
2310021,T20H,"Mantle, Bracers",1090786.3
2310021,T20H,"Mantle, Cloak",1094449.4
2310021,T20H,"Mantle, Insignia",1101941.2
2310022,T19M,"None",912890.1
2310022,T19M2+T20H2,"None",887922.1
2310022,T19M2+T20H2,"Bracers, Cloak",1001197.2
2310022,T19M2+T20H2,"Insignia, Bracers",1020866.1
2310022,T19M2+T20H2,"Insignia, Cloak",986634.5
2310022,T19M2+T20H2,"Mantle, Bracers",1075091.4
2310022,T19M2+T20H2,"Mantle, Cloak",1049652.6
2310022,T19M2+T20H2,"Mantle, Insignia",1049832.6
2310022,T19M2+T20H4,"None",931651.6
2310022,T19M2+T20H4,"Insignia, Bracers",1073742.8
2310022,T19M4+T20H2,"None",942801.2
2310022,T19M4+T20H2,"Insignia, Bracers",1076225.5
2310022,T19M,"Bracers, Cloak",1011458.1
2310022,T19M,"Insignia, Bracers",1032012.9
2310022,T19M,"Insignia, Cloak",1025504.7
2310022,T19M,"Mantle, Bracers",1088915.8
2310022,T19M,"Mantle, Cloak",1084270.8
2310022,T19M,"Mantle, Insignia",1085637.3
2310022,T20H,"None",891195.8
2310022,T20H,"Bracers, Cloak",1009700.6
2310022,T20H,"Insignia, Bracers",1028861.2
2310022,T20H,"Insignia, Cloak",994763.7
2310022,T20H,"Mantle, Bracers",1080043.2
2310022,T20H,"Mantle, Cloak",1058274.6
2310022,T20H,"Mantle, Insignia",1055412.6
2310023,T19M,"None",886603.4
2310023,T19M2+T20H2,"None",878185.4
2310023,T19M2+T20H2,"Bracers, Cloak",980569.7
2310023,T19M2+T20H2,"Insignia, Bracers",1009461.0
2310023,T19M2+T20H2,"Insignia, Cloak",973520.7
2310023,T19M2+T20H2,"Mantle, Bracers",1042256.6
2310023,T19M2+T20H2,"Mantle, Cloak",1013665.2
2310023,T19M2+T20H2,"Mantle, Insignia",1027617.3
2310023,T19M2+T20H4,"None",917528.1
2310023,T19M2+T20H4,"Insignia, Bracers",1060872.0
2310023,T19M4+T20H2,"None",911416.3
2310023,T19M4+T20H2,"Insignia, Bracers",1045470.2
2310023,T19M,"Bracers, Cloak",975077.5
2310023,T19M,"Insignia, Bracers",1006130.5
2310023,T19M,"Insignia, Cloak",985873.2
2310023,T19M,"Mantle, Bracers",1040827.2
2310023,T19M,"Mantle, Cloak",1026561.2
2310023,T19M,"Mantle, Insignia",1044292.9
2310023,T20H,"None",881385.0
2310023,T20H,"Bracers, Cloak",986286.6
2310023,T20H,"Insignia, Bracers",1015913.6
2310023,T20H,"Insignia, Cloak",982074.0
2310023,T20H,"Mantle, Bracers",1048885.8
2310023,T20H,"Mantle, Cloak",1020195.3
2310023,T20H,"Mantle, Insignia",1034999.2
2310031,T19M,"None",828292.6
2310031,T19M2+T20H2,"None",833486.5
2310031,T19M2+T20H2,"Bracers, Cloak",904595.8
2310031,T19M2+T20H2,"Insignia, Bracers",934976.5
2310031,T19M2+T20H2,"Insignia, Cloak",927725.1
2310031,T19M2+T20H2,"Mantle, Bracers",952720.0
2310031,T19M2+T20H2,"Mantle, Cloak",956523.0
2310031,T19M2+T20H2,"Mantle, Insignia",966017.4
2310031,T19M2+T20H4,"None",856433.5
2310031,T19M2+T20H4,"Insignia, Bracers",968237.5
2310031,T19M4+T20H2,"None",859955.5
2310031,T19M4+T20H2,"Insignia, Bracers",958901.7
2310031,T19M,"Bracers, Cloak",891675.5
2310031,T19M,"Insignia, Bracers",920551.5
2310031,T19M,"Insignia, Cloak",928012.6
2310031,T19M,"Mantle, Bracers",937631.4
2310031,T19M,"Mantle, Cloak",960130.0
2310031,T19M,"Mantle, Insignia",965006.2
2310031,T20H,"None",827467.0
2310031,T20H,"Bracers, Cloak",902212.8
2310031,T20H,"Insignia, Bracers",931365.4
2310031,T20H,"Insignia, Cloak",922651.4
2310031,T20H,"Mantle, Bracers",945917.1
2310031,T20H,"Mantle, Cloak",953716.6
2310031,T20H,"Mantle, Insignia",958990.4
2310032,T19M,"None",823532.9
2310032,T19M2+T20H2,"None",786209.7
2310032,T19M2+T20H2,"Bracers, Cloak",875121.1
2310032,T19M2+T20H2,"Insignia, Bracers",896332.1
2310032,T19M2+T20H2,"Insignia, Cloak",867516.9
2310032,T19M2+T20H2,"Mantle, Bracers",941064.9
2310032,T19M2+T20H2,"Mantle, Cloak",920292.1
2310032,T19M2+T20H2,"Mantle, Insignia",918848.1
2310032,T19M2+T20H4,"None",816925.5
2310032,T19M2+T20H4,"Insignia, Bracers",936232.0
2310032,T19M4+T20H2,"None",854047.8
2310032,T19M4+T20H2,"Insignia, Bracers",953062.9
2310032,T19M,"Bracers, Cloak",899456.5
2310032,T19M,"Insignia, Bracers",917077.4
2310032,T19M,"Insignia, Cloak",921967.0
2310032,T19M,"Mantle, Bracers",965557.2
2310032,T19M,"Mantle, Cloak",972090.5
2310032,T19M,"Mantle, Insignia",968445.6
2310032,T20H,"None",782533.6
2310032,T20H,"Bracers, Cloak",877415.6
2310032,T20H,"Insignia, Bracers",895745.6
2310032,T20H,"Insignia, Cloak",867764.9
2310032,T20H,"Mantle, Bracers",937235.7
2310032,T20H,"Mantle, Cloak",920378.8
2310032,T20H,"Mantle, Insignia",917500.0
2310033,T19M,"None",816574.9
2310033,T19M2+T20H2,"None",803242.2
2310033,T19M2+T20H2,"Bracers, Cloak",885511.6
2310033,T19M2+T20H2,"Insignia, Bracers",909079.8
2310033,T19M2+T20H2,"Insignia, Cloak",884121.5
2310033,T19M2+T20H2,"Mantle, Bracers",939218.6
2310033,T19M2+T20H2,"Mantle, Cloak",918693.4
2310033,T19M2+T20H2,"Mantle, Insignia",931262.7
2310033,T19M2+T20H4,"None",830039.3
2310033,T19M2+T20H4,"Insignia, Bracers",949662.6
2310033,T19M4+T20H2,"None",847184.3
2310033,T19M4+T20H2,"Insignia, Bracers",949614.3
2310033,T19M,"Bracers, Cloak",889456.3
2310033,T19M,"Insignia, Bracers",915467.8
2310033,T19M,"Insignia, Cloak",909962.8
2310033,T19M,"Mantle, Bracers",948297.2
2310033,T19M,"Mantle, Cloak",942299.9
2310033,T19M,"Mantle, Insignia",953552.9
2310033,T20H,"None",798821.8
2310033,T20H,"Bracers, Cloak",884718.7
2310033,T20H,"Insignia, Bracers",909857.7
2310033,T20H,"Insignia, Cloak",886327.9
2310033,T20H,"Mantle, Bracers",937002.4
2310033,T20H,"Mantle, Cloak",918123.1
2310033,T20H,"Mantle, Insignia",930703.1
2320011,T19M,"None",811374.5
2320011,T19M2+T20H2,"None",808788.7
2320011,T19M2+T20H2,"Bracers, Cloak",883188.2
2320011,T19M2+T20H2,"Insignia, Bracers",904589.4
2320011,T19M2+T20H2,"Insignia, Cloak",895621.2
2320011,T19M2+T20H2,"Mantle, Bracers",920665.0
2320011,T19M2+T20H2,"Mantle, Cloak",928571.3
2320011,T19M2+T20H2,"Mantle, Insignia",929309.1
2320011,T19M2+T20H4,"None",835861.6
2320011,T19M2+T20H4,"Insignia, Bracers",936824.7
2320011,T19M4+T20H2,"None",839577.6
2320011,T19M4+T20H2,"Insignia, Bracers",934856.4
2320011,T19M,"Bracers, Cloak",877195.4
2320011,T19M,"Insignia, Bracers",899956.7
2320011,T19M,"Insignia, Cloak",905456.4
2320011,T19M,"Mantle, Bracers",917872.3
2320011,T19M,"Mantle, Cloak",935596.3
2320011,T19M,"Mantle, Insignia",936967.8
2320011,T20H,"None",803871.0
2320011,T20H,"Bracers, Cloak",881368.6
2320011,T20H,"Insignia, Bracers",901805.5
2320011,T20H,"Insignia, Cloak",892382.7
2320011,T20H,"Mantle, Bracers",916440.7
2320011,T20H,"Mantle, Cloak",928498.6
2320011,T20H,"Mantle, Insignia",925175.2
2320012,T19M,"None",784010.1
2320012,T19M2+T20H2,"None",732697.9
2320012,T19M2+T20H2,"Bracers, Cloak",818581.4
2320012,T19M2+T20H2,"Insignia, Bracers",836202.0
2320012,T19M2+T20H2,"Insignia, Cloak",805458.1
2320012,T19M2+T20H2,"Mantle, Bracers",876363.7
2320012,T19M2+T20H2,"Mantle, Cloak",854251.5
2320012,T19M2+T20H2,"Mantle, Insignia",855757.2
2320012,T19M2+T20H4,"None",764858.9
2320012,T19M2+T20H4,"Insignia, Bracers",878711.0
2320012,T19M4+T20H2,"None",811085.8
2320012,T19M4+T20H2,"Insignia, Bracers",906295.7
2320012,T19M,"Bracers, Cloak",857022.1
2320012,T19M,"Insignia, Bracers",871342.5
2320012,T19M,"Insignia, Cloak",874021.4
2320012,T19M,"Mantle, Bracers",914422.5
2320012,T19M,"Mantle, Cloak",918452.7
2320012,T19M,"Mantle, Insignia",916515.5
2320012,T20H,"None",734104.4
2320012,T20H,"Bracers, Cloak",821973.9
2320012,T20H,"Insignia, Bracers",841823.1
2320012,T20H,"Insignia, Cloak",812015.9
2320012,T20H,"Mantle, Bracers",879885.1
2320012,T20H,"Mantle, Cloak",858774.1
2320012,T20H,"Mantle, Insignia",857065.8
2320013,T19M,"None",776903.7
2320013,T19M2+T20H2,"None",750691.9
2320013,T19M2+T20H2,"Bracers, Cloak",832896.0
2320013,T19M2+T20H2,"Insignia, Bracers",853765.0
2320013,T19M2+T20H2,"Insignia, Cloak",828075.5
2320013,T19M2+T20H2,"Mantle, Bracers",878655.6
2320013,T19M2+T20H2,"Mantle, Cloak",860738.4
2320013,T19M2+T20H2,"Mantle, Insignia",866442.1
2320013,T19M2+T20H4,"None",782264.5
2320013,T19M2+T20H4,"Insignia, Bracers",892337.6
2320013,T19M4+T20H2,"None",802741.6
2320013,T19M4+T20H2,"Insignia, Bracers",899340.1
2320013,T19M,"Bracers, Cloak",849779.2
2320013,T19M,"Insignia, Bracers",868935.7
2320013,T19M,"Insignia, Cloak",865348.7
2320013,T19M,"Mantle, Bracers",894555.1
2320013,T19M,"Mantle, Cloak",895786.6
2320013,T19M,"Mantle, Insignia",900855.5
2320013,T20H,"None",751079.4
2320013,T20H,"Bracers, Cloak",837342.7
2320013,T20H,"Insignia, Bracers",856028.5
2320013,T20H,"Insignia, Cloak",832609.5
2320013,T20H,"Mantle, Bracers",880604.0
2320013,T20H,"Mantle, Cloak",864477.0
2320013,T20H,"Mantle, Insignia",868708.8
2320021,T19M,"None",901153.4
2320021,T19M2+T20H2,"None",919580.0
2320021,T19M2+T20H2,"Bracers, Cloak",1007414.2
2320021,T19M2+T20H2,"Insignia, Bracers",1036812.1
2320021,T19M2+T20H2,"Insignia, Cloak",1019160.0
2320021,T19M2+T20H2,"Mantle, Bracers",1062013.5
2320021,T19M2+T20H2,"Mantle, Cloak",1059500.8
2320021,T19M2+T20H2,"Mantle, Insignia",1068398.6
2320021,T19M2+T20H4,"None",951268.8
2320021,T19M2+T20H4,"Insignia, Bracers",1074752.6
2320021,T19M4+T20H2,"None",930758.7
2320021,T19M4+T20H2,"Insignia, Bracers",1052201.9
2320021,T19M,"Bracers, Cloak",981528.7
2320021,T19M,"Insignia, Bracers",1015034.1
2320021,T19M,"Insignia, Cloak",1006262.4
2320021,T19M,"Mantle, Bracers",1039068.9
2320021,T19M,"Mantle, Cloak",1046375.7
2320021,T19M,"Mantle, Insignia",1055181.8
2320021,T20H,"None",920514.1
2320021,T20H,"Bracers, Cloak",1013531.8
2320021,T20H,"Insignia, Bracers",1039903.7
2320021,T20H,"Insignia, Cloak",1028309.7
2320021,T20H,"Mantle, Bracers",1062632.5
2320021,T20H,"Mantle, Cloak",1072544.2
2320021,T20H,"Mantle, Insignia",1073063.1
2320022,T19M,"None",887441.8
2320022,T19M2+T20H2,"None",855974.2
2320022,T19M2+T20H2,"Bracers, Cloak",963783.6
2320022,T19M2+T20H2,"Insignia, Bracers",981060.4
2320022,T19M2+T20H2,"Insignia, Cloak",951384.7
2320022,T19M2+T20H2,"Mantle, Bracers",1035910.1
2320022,T19M2+T20H2,"Mantle, Cloak",1012803.0
2320022,T19M2+T20H2,"Mantle, Insignia",1008295.3
2320022,T19M2+T20H4,"None",898691.7
2320022,T19M2+T20H4,"Insignia, Bracers",1035035.2
2320022,T19M4+T20H2,"None",916044.9
2320022,T19M4+T20H2,"Insignia, Bracers",1041141.2
2320022,T19M,"Bracers, Cloak",983837.7
2320022,T19M,"Insignia, Bracers",1004331.0
2320022,T19M,"Insignia, Cloak",995636.7
2320022,T19M,"Mantle, Bracers",1058464.8
2320022,T19M,"Mantle, Cloak",1053912.2
2320022,T19M,"Mantle, Insignia",1052157.3
2320022,T20H,"None",862606.9
2320022,T20H,"Bracers, Cloak",978399.0
2320022,T20H,"Insignia, Bracers",993247.2
2320022,T20H,"Insignia, Cloak",961664.5
2320022,T20H,"Mantle, Bracers",1045974.2
2320022,T20H,"Mantle, Cloak",1025227.5
2320022,T20H,"Mantle, Insignia",1020393.5
2320023,T19M,"None",858451.3
2320023,T19M2+T20H2,"None",844771.9
2320023,T19M2+T20H2,"Bracers, Cloak",946205.1
2320023,T19M2+T20H2,"Insignia, Bracers",969057.1
2320023,T19M2+T20H2,"Insignia, Cloak",937060.2
2320023,T19M2+T20H2,"Mantle, Bracers",1006918.0
2320023,T19M2+T20H2,"Mantle, Cloak",978744.5
2320023,T19M2+T20H2,"Mantle, Insignia",991452.9
2320023,T19M2+T20H4,"None",883284.7
2320023,T19M2+T20H4,"Insignia, Bracers",1019673.0
2320023,T19M4+T20H2,"None",881741.9
2320023,T19M4+T20H2,"Insignia, Bracers",1009295.8
2320023,T19M,"Bracers, Cloak",949072.4
2320023,T19M,"Insignia, Bracers",974059.8
2320023,T19M,"Insignia, Cloak",958008.9
2320023,T19M,"Mantle, Bracers",1013356.3
2320023,T19M,"Mantle, Cloak",1000094.9
2320023,T19M,"Mantle, Insignia",1009836.3
2320023,T20H,"None",850312.1
2320023,T20H,"Bracers, Cloak",955353.0
2320023,T20H,"Insignia, Bracers",980462.7
2320023,T20H,"Insignia, Cloak",947087.1
2320023,T20H,"Mantle, Bracers",1016138.9
2320023,T20H,"Mantle, Cloak",989334.3
2320023,T20H,"Mantle, Insignia",996591.3
2320031,T19M,"None",811953.9
2320031,T19M2+T20H2,"None",812572.7
2320031,T19M2+T20H2,"Bracers, Cloak",885221.7
2320031,T19M2+T20H2,"Insignia, Bracers",910341.0
2320031,T19M2+T20H2,"Insignia, Cloak",905265.4
2320031,T19M2+T20H2,"Mantle, Bracers",929127.5
2320031,T19M2+T20H2,"Mantle, Cloak",940054.2
2320031,T19M2+T20H2,"Mantle, Insignia",940557.3
2320031,T19M2+T20H4,"None",836778.3
2320031,T19M2+T20H4,"Insignia, Bracers",939619.4
2320031,T19M4+T20H2,"None",841014.9
2320031,T19M4+T20H2,"Insignia, Bracers",936466.3
2320031,T19M,"Bracers, Cloak",880622.1
2320031,T19M,"Insignia, Bracers",901134.1
2320031,T19M,"Insignia, Cloak",911885.4
2320031,T19M,"Mantle, Bracers",923464.2
2320031,T19M,"Mantle, Cloak",945279.1
2320031,T19M,"Mantle, Insignia",945328.2
2320031,T20H,"None",807837.7
2320031,T20H,"Bracers, Cloak",885236.3
2320031,T20H,"Insignia, Bracers",906931.8
2320031,T20H,"Mantle, Bracers",925263.0
2320031,T20H,"Mantle, Cloak",940319.7
2320031,T20H,"Mantle, Insignia",938297.8
2320032,T19M,"None",805270.8
2320032,T19M2+T20H2,"None",761341.4
2320032,T19M2+T20H2,"Bracers, Cloak",846519.9
2320032,T19M2+T20H2,"Insignia, Bracers",864948.6
2320032,T19M2+T20H2,"Insignia, Cloak",836504.0
2320032,T19M2+T20H2,"Mantle, Bracers",909816.4
2320032,T19M2+T20H2,"Mantle, Cloak",888750.2
2320032,T19M2+T20H2,"Mantle, Insignia",888814.4
2320032,T19M2+T20H4,"None",790535.0
2320032,T19M2+T20H4,"Insignia, Bracers",904473.2
2320032,T19M4+T20H2,"None",834157.7
2320032,T19M4+T20H2,"Insignia, Bracers",930841.7
2320032,T19M,"Bracers, Cloak",883833.7
2320032,T19M,"Insignia, Bracers",896859.2
2320032,T19M,"Insignia, Cloak",901057.8
2320032,T19M,"Mantle, Bracers",943618.0
2320032,T19M,"Mantle, Cloak",952791.8
2320032,T19M,"Mantle, Insignia",946859.7
2320032,T20H,"None",761875.8
2320032,T20H,"Bracers, Cloak",851210.9
2320032,T20H,"Insignia, Bracers",869231.2
2320032,T20H,"Insignia, Cloak",841591.5
2320032,T20H,"Mantle, Bracers",914363.5
2320032,T20H,"Mantle, Cloak",891411.9
2320032,T20H,"Mantle, Insignia",890920.9
2320033,T19M,"None",794598.2
2320033,T19M2+T20H2,"None",772997.3
2320033,T19M2+T20H2,"Bracers, Cloak",854373.4
2320033,T19M2+T20H2,"Insignia, Bracers",875278.5
2320033,T19M2+T20H2,"Insignia, Cloak",850075.9
2320033,T19M2+T20H2,"Mantle, Bracers",906400.1
2320033,T19M2+T20H2,"Mantle, Cloak",888899.2
2320033,T19M2+T20H2,"Mantle, Insignia",895214.9
2320033,T19M2+T20H4,"None",801264.1
2320033,T19M2+T20H4,"Insignia, Bracers",912822.8
2320033,T19M4+T20H2,"None",818284.2
2320033,T19M4+T20H2,"Insignia, Bracers",919191.4
2320033,T19M,"Bracers, Cloak",868268.3
2320033,T19M,"Insignia, Bracers",888218.3
2320033,T19M,"Insignia, Cloak",886462.3
2320033,T19M,"Mantle, Bracers",922303.6
2320033,T19M,"Mantle, Cloak",920692.3
2320033,T19M,"Mantle, Insignia",926914.1
2320033,T20H,"None",771522.0
2320033,T20H,"Bracers, Cloak",855591.3
2320033,T20H,"Insignia, Bracers",877442.2
2320033,T20H,"Insignia, Cloak",856353.1
2320033,T20H,"Mantle, Bracers",907459.3
2320033,T20H,"Mantle, Cloak",892763.1
2320033,T20H,"Mantle, Insignia",897508.7
2330011,T19M,"None",817062.1
2330011,T19M2+T20H2,"None",823702.4
2330011,T19M2+T20H2,"Bracers, Cloak",893117.6
2330011,T19M2+T20H2,"Insignia, Bracers",928891.7
2330011,T19M2+T20H2,"Insignia, Cloak",908663.5
2330011,T19M2+T20H2,"Mantle, Bracers",936385.4
2330011,T19M2+T20H2,"Mantle, Cloak",927099.2
2330011,T19M2+T20H2,"Mantle, Insignia",946778.1
2330011,T19M2+T20H4,"None",850658.2
2330011,T19M2+T20H4,"Insignia, Bracers",961778.1
2330011,T19M4+T20H2,"None",847924.1
2330011,T19M4+T20H2,"Insignia, Bracers",952879.4
2330011,T19M,"Bracers, Cloak",877324.1
2330011,T19M,"Insignia, Bracers",916343.5
2330011,T19M,"Insignia, Cloak",905436.9
2330011,T19M,"Mantle, Bracers",923033.2
2330011,T19M,"Mantle, Cloak",922844.7
2330011,T19M,"Mantle, Insignia",945946.8
2330011,T20H,"None",819078.2
2330011,T20H,"Bracers, Cloak",889125.7
2330011,T20H,"Insignia, Bracers",925190.6
2330011,T20H,"Insignia, Cloak",905998.7
2330011,T20H,"Mantle, Bracers",931140.6
2330011,T20H,"Mantle, Cloak",926559.5
2330011,T20H,"Mantle, Insignia",941107.7
2330012,T19M,"None",792763.3
2330012,T19M2+T20H2,"None",750107.9
2330012,T19M2+T20H2,"Bracers, Cloak",833443.0
2330012,T19M2+T20H2,"Insignia, Bracers",861951.0
2330012,T19M2+T20H2,"Insignia, Cloak",823930.6
2330012,T19M2+T20H2,"Mantle, Bracers",893719.7
2330012,T19M2+T20H2,"Mantle, Cloak",861561.3
2330012,T19M2+T20H2,"Mantle, Insignia",874155.4
2330012,T19M2+T20H4,"None",782038.5
2330012,T19M2+T20H4,"Insignia, Bracers",904840.8
2330012,T19M4+T20H2,"None",821572.9
2330012,T19M4+T20H2,"Insignia, Bracers",925020.7
2330012,T19M,"Bracers, Cloak",861339.0
2330012,T19M,"Insignia, Bracers",889053.8
2330012,T19M,"Insignia, Cloak",879081.0
2330012,T19M,"Mantle, Bracers",923432.8
2330012,T19M,"Mantle, Cloak",913791.0
2330012,T19M,"Mantle, Insignia",929021.8
2330012,T20H,"None",748493.4
2330012,T20H,"Bracers, Cloak",833025.4
2330012,T20H,"Insignia, Bracers",864347.0
2330012,T20H,"Insignia, Cloak",825160.2
2330012,T20H,"Mantle, Bracers",895042.1
2330012,T20H,"Mantle, Cloak",861352.4
2330012,T20H,"Mantle, Insignia",877538.2
2330013,T19M,"None",783250.4
2330013,T19M2+T20H2,"None",767550.5
2330013,T19M2+T20H2,"Bracers, Cloak",844569.6
2330013,T19M2+T20H2,"Insignia, Bracers",877838.1
2330013,T19M2+T20H2,"Insignia, Cloak",843794.7
2330013,T19M2+T20H2,"Mantle, Bracers",895428.4
2330013,T19M2+T20H2,"Mantle, Cloak",864450.3
2330013,T19M2+T20H2,"Mantle, Insignia",886750.0
2330013,T19M2+T20H4,"None",798216.0
2330013,T19M2+T20H4,"Insignia, Bracers",921035.4
2330013,T19M4+T20H2,"None",809991.0
2330013,T19M4+T20H2,"Insignia, Bracers",920088.2
2330013,T19M,"Bracers, Cloak",851183.6
2330013,T19M,"Insignia, Bracers",887199.5
2330013,T19M,"Insignia, Cloak",867522.9
2330013,T19M,"Mantle, Bracers",904663.1
2330013,T19M,"Mantle, Cloak",884805.4
2330013,T19M,"Mantle, Insignia",911060.5
2330013,T20H,"None",765210.3
2330013,T20H,"Bracers, Cloak",848273.5
2330013,T20H,"Insignia, Bracers",880749.8
2330013,T20H,"Insignia, Cloak",845262.7
2330013,T20H,"Mantle, Bracers",896696.1
2330013,T20H,"Mantle, Cloak",867083.9
2330013,T20H,"Mantle, Insignia",889229.3
2330021,T19M,"None",895865.4
2330021,T19M2+T20H2,"None",915705.3
2330021,T19M2+T20H2,"Bracers, Cloak",997531.2
2330021,T19M2+T20H2,"Insignia, Bracers",1047735.6
2330021,T19M2+T20H2,"Insignia, Cloak",1009073.8
2330021,T19M2+T20H2,"Mantle, Bracers",1054413.9
2330021,T19M2+T20H2,"Mantle, Cloak",1030644.5
2330021,T19M2+T20H2,"Mantle, Insignia",1060404.1
2330021,T19M2+T20H4,"None",948607.3
2330021,T19M2+T20H4,"Insignia, Bracers",1087295.3
2330021,T19M4+T20H2,"None",918807.1
2330021,T19M4+T20H2,"Insignia, Bracers",1056098.7
2330021,T19M,"Bracers, Cloak",970435.7
2330021,T19M,"Insignia, Bracers",1021808.5
2330021,T19M,"Insignia, Cloak",993587.8
2330021,T19M,"Mantle, Bracers",1029074.8
2330021,T19M,"Mantle, Cloak",1013500.9
2330021,T19M,"Mantle, Insignia",1044989.0
2330021,T20H,"None",920631.2
2330021,T20H,"Bracers, Cloak",1005187.0
2330021,T20H,"Insignia, Bracers",1052829.2
2330021,T20H,"Insignia, Cloak",1019923.1
2330021,T20H,"Mantle, Bracers",1059558.3
2330021,T20H,"Mantle, Cloak",1044229.2
2330021,T20H,"Mantle, Insignia",1071051.5
2330022,T19M,"None",885228.7
2330022,T19M2+T20H2,"None",868041.7
2330022,T19M2+T20H2,"Bracers, Cloak",972657.2
2330022,T19M2+T20H2,"Insignia, Bracers",1005036.7
2330022,T19M2+T20H2,"Insignia, Cloak",958752.3
2330022,T19M2+T20H2,"Mantle, Bracers",1045906.5
2330022,T19M2+T20H2,"Mantle, Cloak",1004171.7
2330022,T19M2+T20H2,"Mantle, Insignia",1022852.0
2330022,T19M2+T20H4,"None",912248.6
2330022,T19M2+T20H4,"Insignia, Bracers",1059279.5
2330022,T19M4+T20H2,"None",914802.3
2330022,T19M4+T20H2,"Insignia, Bracers",1051762.7
2330022,T19M,"Bracers, Cloak",975302.9
2330022,T19M,"Insignia, Bracers",1015251.1
2330022,T19M,"Insignia, Cloak",985554.4
2330022,T19M,"Mantle, Bracers",1053094.5
2330022,T19M,"Mantle, Cloak",1027653.1
2330022,T19M,"Mantle, Insignia",1052403.5
2330022,T20H,"None",873585.3
2330022,T20H,"Bracers, Cloak",981998.1
2330022,T20H,"Insignia, Bracers",1014868.9
2330022,T20H,"Insignia, Cloak",971349.7
2330022,T20H,"Mantle, Bracers",1055032.5
2330022,T20H,"Mantle, Cloak",1017278.8
2330022,T20H,"Mantle, Insignia",1034487.6
2330023,T19M,"None",855491.8
2330023,T19M2+T20H2,"None",853180.4
2330023,T19M2+T20H2,"Bracers, Cloak",950471.9
2330023,T19M2+T20H2,"Insignia, Bracers",988838.6
2330023,T19M2+T20H2,"Insignia, Cloak",939461.0
2330023,T19M2+T20H2,"Mantle, Bracers",1014766.7
2330023,T19M2+T20H2,"Mantle, Cloak",967141.5
2330023,T19M2+T20H2,"Mantle, Insignia",998359.1
2330023,T19M2+T20H4,"None",891489.2
2330023,T19M2+T20H4,"Insignia, Bracers",1040865.7
2330023,T19M4+T20H2,"None",879971.7
2330023,T19M4+T20H2,"Insignia, Bracers",1020116.1
2330023,T19M,"Bracers, Cloak",941435.8
2330023,T19M,"Insignia, Bracers",985030.9
2330023,T19M,"Insignia, Cloak",950599.9
2330023,T19M,"Mantle, Bracers",1008248.3
2330023,T19M,"Mantle, Cloak",975303.7
2330023,T19M,"Mantle, Insignia",1007546.1
2330023,T20H,"None",857673.7
2330023,T20H,"Bracers, Cloak",957175.5
2330023,T20H,"Insignia, Bracers",997887.5
2330023,T20H,"Insignia, Cloak",949940.7
2330023,T20H,"Mantle, Bracers",1021445.2
2330023,T20H,"Mantle, Cloak",974814.7
2330023,T20H,"Mantle, Insignia",1005479.6
2330031,T19M,"None",831234.9
2330031,T19M2+T20H2,"None",838794.7
2330031,T19M2+T20H2,"Bracers, Cloak",910347.5
2330031,T19M2+T20H2,"Insignia, Bracers",946740.8
2330031,T19M2+T20H2,"Insignia, Cloak",923422.2
2330031,T19M2+T20H2,"Mantle, Bracers",959015.6
2330031,T19M2+T20H2,"Mantle, Cloak",948050.7
2330031,T19M2+T20H2,"Mantle, Insignia",971490.4
2330031,T19M2+T20H4,"None",865081.5
2330031,T19M2+T20H4,"Insignia, Bracers",977651.2
2330031,T19M4+T20H2,"None",858796.6
2330031,T19M4+T20H2,"Insignia, Bracers",967577.7
2330031,T19M,"Bracers, Cloak",891700.0
2330031,T19M,"Insignia, Bracers",934565.4
2330031,T19M,"Insignia, Cloak",918884.2
2330031,T19M,"Mantle, Bracers",943857.0
2330031,T19M,"Mantle, Cloak",939971.8
2330031,T19M,"Mantle, Insignia",964866.0
2330031,T20H,"None",833242.5
2330031,T20H,"Bracers, Cloak",906264.8
2330031,T20H,"Insignia, Bracers",941532.8
2330031,T20H,"Insignia, Cloak",921097.1
2330031,T20H,"Mantle, Bracers",954370.0
2330031,T20H,"Mantle, Cloak",948338.1
2330031,T20H,"Mantle, Insignia",966969.4
2330032,T19M,"None",821953.9
2330032,T19M2+T20H2,"None",792542.3
2330032,T19M2+T20H2,"Bracers, Cloak",879279.0
2330032,T19M2+T20H2,"Insignia, Bracers",908596.3
2330032,T19M2+T20H2,"Insignia, Cloak",873123.4
2330032,T19M2+T20H2,"Mantle, Bracers",941436.3
2330032,T19M2+T20H2,"Mantle, Cloak",911012.9
2330032,T19M2+T20H2,"Mantle, Insignia",926643.4
2330032,T19M2+T20H4,"None",824658.0
2330032,T19M2+T20H4,"Insignia, Bracers",950189.7
2330032,T19M4+T20H2,"None",850987.0
2330032,T19M4+T20H2,"Insignia, Bracers",961581.5
2330032,T19M,"Bracers, Cloak",898441.3
2330032,T19M,"Insignia, Bracers",927822.1
2330032,T19M,"Insignia, Cloak",910700.9
2330032,T19M,"Mantle, Bracers",963073.4
2330032,T19M,"Mantle, Cloak",949823.0
2330032,T19M,"Mantle, Insignia",966093.0
2330032,T20H,"None",790873.1
2330032,T20H,"Bracers, Cloak",880491.0
2330032,T20H,"Insignia, Bracers",911565.0
2330032,T20H,"Insignia, Cloak",873396.1
2330032,T20H,"Mantle, Bracers",943535.0
2330032,T20H,"Mantle, Cloak",913703.9
2330032,T20H,"Mantle, Insignia",927995.8
2330033,T19M,"None",802033.8
2330033,T19M2+T20H2,"None",791950.7
2330033,T19M2+T20H2,"Bracers, Cloak",874508.5
2330033,T19M2+T20H2,"Insignia, Bracers",906418.6
2330033,T19M2+T20H2,"Insignia, Cloak",872892.9
2330033,T19M2+T20H2,"Mantle, Bracers",928761.5
2330033,T19M2+T20H2,"Mantle, Cloak",896124.7
2330033,T19M2+T20H2,"Mantle, Insignia",918234.0
2330033,T19M2+T20H4,"None",824178.4
2330033,T19M2+T20H4,"Insignia, Bracers",944597.3
2330033,T19M4+T20H2,"None",828914.6
2330033,T19M4+T20H2,"Insignia, Bracers",944155.9
2330033,T19M,"Bracers, Cloak",874568.4
2330033,T19M,"Insignia, Bracers",910398.5
2330033,T19M,"Insignia, Cloak",889049.4
2330033,T19M,"Mantle, Bracers",932363.9
2330033,T19M,"Mantle, Cloak",910541.7
2330033,T19M,"Mantle, Insignia",938541.4
2330033,T20H,"None",792657.5
2330033,T20H,"Bracers, Cloak",875815.0
2330033,T20H,"Insignia, Bracers",910025.4
2330033,T20H,"Insignia, Cloak",876604.2
2330033,T20H,"Mantle, Bracers",931335.9
2330033,T20H,"Mantle, Cloak",897874.9
2330033,T20H,"Mantle, Insignia",921145.2
3310011,T19M,"None",827557.8
3310011,T19M2+T20H2,"None",829613.7
3310011,T19M2+T20H2,"Bracers, Cloak",919415.3
3310011,T19M2+T20H2,"Insignia, Bracers",948037.3
3310011,T19M2+T20H2,"Insignia, Cloak",912541.4
3310011,T19M2+T20H2,"Mantle, Bracers",960688.2
3310011,T19M2+T20H2,"Mantle, Cloak",946452.1
3310011,T19M2+T20H2,"Mantle, Insignia",950901.2
3310011,T19M2+T20H4,"None",855158.4
3310011,T19M2+T20H4,"Insignia, Bracers",980118.7
3310011,T19M4+T20H2,"None",860056.3
3310011,T19M4+T20H2,"Insignia, Bracers",974689.9
3310011,T19M,"Bracers, Cloak",909943.2
3310011,T19M,"Insignia, Bracers",938042.6
3310011,T19M,"Insignia, Cloak",919787.8
3310011,T19M,"Mantle, Bracers",952267.3
3310011,T19M,"Mantle, Cloak",951119.4
3310011,T19M,"Mantle, Insignia",955457.9
3310011,T20H,"None",822510.6
3310011,T20H,"Bracers, Cloak",916122.4
3310011,T20H,"Insignia, Bracers",944694.1
3310011,T20H,"Insignia, Cloak",909781.7
3310011,T20H,"Mantle, Bracers",957426.3
3310011,T20H,"Mantle, Cloak",945379.2
3310011,T20H,"Mantle, Insignia",946851.2
3310012,T19M,"None",808524.2
3310012,T19M2+T20H2,"None",759547.9
3310012,T19M2+T20H2,"Bracers, Cloak",875328.9
3310012,T19M2+T20H2,"Insignia, Bracers",896015.9
3310012,T19M2+T20H2,"Insignia, Cloak",834659.2
3310012,T19M2+T20H2,"Mantle, Bracers",937504.5
3310012,T19M2+T20H2,"Mantle, Cloak",885251.0
3310012,T19M2+T20H2,"Mantle, Insignia",887062.5
3310012,T19M2+T20H4,"None",792816.3
3310012,T19M2+T20H4,"Insignia, Bracers",941714.7
3310012,T19M4+T20H2,"None",835990.4
3310012,T19M4+T20H2,"Insignia, Bracers",963121.2
3310012,T19M,"Bracers, Cloak",907124.4
3310012,T19M,"Insignia, Bracers",927983.8
3310012,T19M,"Insignia, Cloak",898477.5
3310012,T19M,"Mantle, Bracers",971401.0
3310012,T19M,"Mantle, Cloak",943514.2
3310012,T19M,"Mantle, Insignia",943644.6
3310012,T20H,"None",759853.7
3310012,T20H,"Bracers, Cloak",880709.9
3310012,T20H,"Insignia, Bracers",901781.6
3310012,T20H,"Insignia, Cloak",839181.5
3310012,T20H,"Mantle, Bracers",940549.2
3310012,T20H,"Mantle, Cloak",887144.1
3310012,T20H,"Mantle, Insignia",890104.6
3310013,T19M,"None",808438.1
3310013,T19M2+T20H2,"None",786441.5
3310013,T19M2+T20H2,"Bracers, Cloak",887857.5
3310013,T19M2+T20H2,"Insignia, Bracers",914924.9
3310013,T19M2+T20H2,"Insignia, Cloak",865362.2
3310013,T19M2+T20H2,"Mantle, Bracers",941640.3
3310013,T19M2+T20H2,"Mantle, Cloak",898763.6
3310013,T19M2+T20H2,"Mantle, Insignia",907019.0
3310013,T19M2+T20H4,"None",820536.9
3310013,T19M2+T20H4,"Insignia, Bracers",959735.5
3310013,T19M4+T20H2,"None",837289.5
3310013,T19M4+T20H2,"Insignia, Bracers",962687.5
3310013,T19M,"Bracers, Cloak",900538.3
3310013,T19M,"Insignia, Bracers",926777.0
3310013,T19M,"Insignia, Cloak",898601.4
3310013,T19M,"Mantle, Bracers",954598.2
3310013,T19M,"Mantle, Cloak",926669.0
3310013,T19M,"Mantle, Insignia",938715.1
3310013,T20H,"None",788351.0
3310013,T20H,"Bracers, Cloak",894729.2
3310013,T20H,"Insignia, Bracers",919745.5
3310013,T20H,"Insignia, Cloak",871597.3
3310013,T20H,"Mantle, Bracers",945507.6
3310013,T20H,"Mantle, Cloak",902866.9
3310013,T20H,"Mantle, Insignia",913582.4
3310021,T19M,"None",924493.9
3310021,T19M2+T20H2,"None",944737.6
3310021,T19M2+T20H2,"Bracers, Cloak",1055532.5
3310021,T19M2+T20H2,"Insignia, Bracers",1088166.0
3310021,T19M2+T20H2,"Insignia, Cloak",1042785.9
3310021,T19M2+T20H2,"Mantle, Bracers",1110158.4
3310021,T19M2+T20H2,"Mantle, Cloak",1080987.1
3310021,T19M2+T20H2,"Mantle, Insignia",1093729.1
3310021,T19M2+T20H4,"None",978537.7
3310021,T19M2+T20H4,"Insignia, Bracers",1132866.2
3310021,T19M4+T20H2,"None",957192.1
3310021,T19M4+T20H2,"Insignia, Bracers",1101789.2
3310021,T19M,"Bracers, Cloak",1024602.6
3310021,T19M,"Insignia, Bracers",1063110.0
3310021,T19M,"Insignia, Cloak",1024258.2
3310021,T19M,"Mantle, Bracers",1081592.5
3310021,T19M,"Mantle, Cloak",1061938.7
3310021,T19M,"Mantle, Insignia",1077031.8
3310021,T20H,"None",947969.8
3310021,T20H,"Bracers, Cloak",1062619.4
3310021,T20H,"Insignia, Bracers",1093646.1
3310021,T20H,"Insignia, Cloak",1053360.9
3310021,T20H,"Mantle, Bracers",1115994.9
3310021,T20H,"Mantle, Cloak",1096944.5
3310021,T20H,"Mantle, Insignia",1102898.5
3310022,T19M,"None",916771.1
3310022,T19M2+T20H2,"None",892491.1
3310022,T19M2+T20H2,"Bracers, Cloak",1031403.3
3310022,T19M2+T20H2,"Insignia, Bracers",1055124.6
3310022,T19M2+T20H2,"Insignia, Cloak",987185.9
3310022,T19M2+T20H2,"Mantle, Bracers",1111526.1
3310022,T19M2+T20H2,"Mantle, Cloak",1051686.5
3310022,T19M2+T20H2,"Mantle, Insignia",1051290.3
3310022,T19M2+T20H4,"None",935781.9
3310022,T19M2+T20H4,"Insignia, Bracers",1115080.6
3310022,T19M4+T20H2,"None",949825.9
3310022,T19M4+T20H2,"Insignia, Bracers",1113309.7
3310022,T19M,"Bracers, Cloak",1049883.4
3310022,T19M,"Insignia, Bracers",1073051.6
3310022,T19M,"Insignia, Cloak",1027444.1
3310022,T19M,"Mantle, Bracers",1130602.2
3310022,T19M,"Mantle, Cloak",1086198.1
3310022,T19M,"Mantle, Insignia",1089126.4
3310022,T20H,"None",899148.9
3310022,T20H,"Bracers, Cloak",1049103.7
3310022,T20H,"Insignia, Bracers",1070286.4
3310022,T20H,"Insignia, Cloak",999944.7
3310022,T20H,"Mantle, Bracers",1124518.2
3310022,T20H,"Mantle, Cloak",1062934.6
3310022,T20H,"Mantle, Insignia",1063514.6
3310023,T19M,"None",893201.6
3310023,T19M2+T20H2,"None",889556.7
3310023,T19M2+T20H2,"Bracers, Cloak",1017754.8
3310023,T19M2+T20H2,"Insignia, Bracers",1047350.9
3310023,T19M2+T20H2,"Insignia, Cloak",984509.0
3310023,T19M2+T20H2,"Mantle, Bracers",1083297.4
3310023,T19M2+T20H2,"Mantle, Cloak",1027723.8
3310023,T19M2+T20H2,"Mantle, Insignia",1041704.4
3310023,T19M2+T20H4,"None",933484.1
3310023,T19M2+T20H4,"Insignia, Bracers",1099995.7
3310023,T19M4+T20H2,"None",925485.7
3310023,T19M4+T20H2,"Insignia, Bracers",1081684.8
3310023,T19M,"Bracers, Cloak",1011256.9
3310023,T19M,"Insignia, Bracers",1042161.4
3310023,T19M,"Insignia, Cloak",995556.7
3310023,T19M,"Mantle, Bracers",1083688.5
3310023,T19M,"Mantle, Cloak",1038150.2
3310023,T19M,"Mantle, Insignia",1050450.1
3310023,T20H,"None",899828.7
3310023,T20H,"Bracers, Cloak",1031475.2
3310023,T20H,"Insignia, Bracers",1060859.9
3310023,T20H,"Insignia, Cloak",1000149.7
3310023,T20H,"Mantle, Bracers",1095787.2
3310023,T20H,"Mantle, Cloak",1042002.4
3310023,T20H,"Mantle, Insignia",1055860.0
3310031,T19M,"None",829365.6
3310031,T19M2+T20H2,"None",828984.9
3310031,T19M2+T20H2,"Bracers, Cloak",922467.0
3310031,T19M2+T20H2,"Insignia, Bracers",952005.3
3310031,T19M2+T20H2,"Insignia, Cloak",923812.5
3310031,T19M2+T20H2,"Mantle, Bracers",971036.3
3310031,T19M2+T20H2,"Mantle, Cloak",953748.3
3310031,T19M2+T20H2,"Mantle, Insignia",963620.6
3310031,T19M2+T20H4,"None",857127.0
3310031,T19M2+T20H4,"Insignia, Bracers",981861.2
3310031,T19M4+T20H2,"None",860016.0
3310031,T19M4+T20H2,"Insignia, Bracers",978157.7
3310031,T19M,"Bracers, Cloak",912971.6
3310031,T19M,"Insignia, Bracers",940952.8
3310031,T19M,"Insignia, Cloak",925302.3
3310031,T19M,"Mantle, Bracers",963617.6
3310031,T19M,"Mantle, Cloak",958077.1
3310031,T19M,"Mantle, Insignia",964832.0
3310031,T20H,"None",824900.1
3310031,T20H,"Bracers, Cloak",919568.6
3310031,T20H,"Insignia, Bracers",948884.2
3310031,T20H,"Insignia, Cloak",917790.3
3310031,T20H,"Mantle, Bracers",965564.0
3310031,T20H,"Mantle, Cloak",954235.3
3310031,T20H,"Mantle, Insignia",956938.4
3310032,T19M,"None",829684.8
3310032,T19M2+T20H2,"None",787899.3
3310032,T19M2+T20H2,"Bracers, Cloak",903925.1
3310032,T19M2+T20H2,"Insignia, Bracers",924354.9
3310032,T19M2+T20H2,"Insignia, Cloak",867021.7
3310032,T19M2+T20H2,"Mantle, Bracers",972252.8
3310032,T19M2+T20H2,"Mantle, Cloak",922170.8
3310032,T19M2+T20H2,"Mantle, Insignia",922164.4
3310032,T19M2+T20H4,"None",820057.8
3310032,T19M2+T20H4,"Insignia, Bracers",969518.6
3310032,T19M4+T20H2,"None",858895.0
3310032,T19M4+T20H2,"Insignia, Bracers",988043.1
3310032,T19M,"Bracers, Cloak",934505.9
3310032,T19M,"Insignia, Bracers",953349.9
3310032,T19M,"Insignia, Cloak",924050.0
3310032,T19M,"Mantle, Bracers",1004016.1
3310032,T19M,"Mantle, Cloak",978576.8
3310032,T19M,"Mantle, Insignia",973547.8
3310032,T20H,"None",788601.5
3310032,T20H,"Bracers, Cloak",906759.0
3310032,T20H,"Insignia, Bracers",928556.1
3310032,T20H,"Insignia, Cloak",870251.1
3310032,T20H,"Mantle, Bracers",976397.4
3310032,T20H,"Mantle, Cloak",921364.5
3310032,T20H,"Mantle, Insignia",924116.9
3310033,T19M,"None",827762.8
3310033,T19M2+T20H2,"None",809081.1
3310033,T19M2+T20H2,"Bracers, Cloak",914705.5
3310033,T19M2+T20H2,"Insignia, Bracers",939791.0
3310033,T19M2+T20H2,"Insignia, Cloak",890504.3
3310033,T19M2+T20H2,"Mantle, Bracers",971487.4
3310033,T19M2+T20H2,"Mantle, Cloak",931538.1
3310033,T19M2+T20H2,"Mantle, Insignia",936799.2
3310033,T19M2+T20H4,"None",843576.1
3310033,T19M2+T20H4,"Insignia, Bracers",980103.9
3310033,T19M4+T20H2,"None",856471.8
3310033,T19M4+T20H2,"Insignia, Bracers",983834.2
3310033,T19M,"Bracers, Cloak",922105.8
3310033,T19M,"Insignia, Bracers",947432.6
3310033,T19M,"Insignia, Cloak",920084.9
3310033,T19M,"Mantle, Bracers",984307.6
3310033,T19M,"Mantle, Cloak",956971.4
3310033,T19M,"Mantle, Insignia",966075.6
3310033,T20H,"None",810445.3
3310033,T20H,"Bracers, Cloak",918122.9
3310033,T20H,"Insignia, Bracers",944653.4
3310033,T20H,"Insignia, Cloak",894977.0
3310033,T20H,"Mantle, Bracers",975779.6
3310033,T20H,"Mantle, Cloak",934291.6
3310033,T20H,"Mantle, Insignia",941435.5
3320011,T19M,"None",811586.8
3320011,T19M2+T20H2,"None",807624.2
3320011,T19M2+T20H2,"Bracers, Cloak",898965.0
3320011,T19M2+T20H2,"Insignia, Bracers",921473.1
3320011,T19M2+T20H2,"Insignia, Cloak",891718.3
3320011,T19M2+T20H2,"Mantle, Bracers",940070.1
3320011,T19M2+T20H2,"Mantle, Cloak",927411.6
3320011,T19M2+T20H2,"Mantle, Insignia",927304.7
3320011,T19M2+T20H4,"None",832369.2
3320011,T19M2+T20H4,"Insignia, Bracers",953852.9
3320011,T19M4+T20H2,"None",843427.3
3320011,T19M4+T20H2,"Insignia, Bracers",954751.9
3320011,T19M,"Bracers, Cloak",897522.1
3320011,T19M,"Insignia, Bracers",918897.5
3320011,T19M,"Insignia, Cloak",903022.4
3320011,T19M,"Mantle, Bracers",938401.6
3320011,T19M,"Mantle, Cloak",939066.5
3320011,T19M,"Mantle, Insignia",936850.6
3320011,T20H,"None",805073.4
3320011,T20H,"Bracers, Cloak",901462.7
3320011,T20H,"Insignia, Bracers",921115.0
3320011,T20H,"Insignia, Cloak",892945.2
3320011,T20H,"Mantle, Bracers",940343.0
3320011,T20H,"Mantle, Cloak",932327.0
3320011,T20H,"Mantle, Insignia",924849.8
3320012,T19M,"None",789110.9
3320012,T19M2+T20H2,"None",736290.7
3320012,T19M2+T20H2,"Bracers, Cloak",845183.2
3320012,T19M2+T20H2,"Insignia, Bracers",863883.1
3320012,T19M2+T20H2,"Insignia, Cloak",806017.1
3320012,T19M2+T20H2,"Mantle, Bracers",907089.2
3320012,T19M2+T20H2,"Mantle, Cloak",854081.9
3320012,T19M2+T20H2,"Mantle, Insignia",853991.9
3320012,T19M2+T20H4,"None",769006.4
3320012,T19M2+T20H4,"Insignia, Bracers",909271.7
3320012,T19M4+T20H2,"None",818493.4
3320012,T19M4+T20H2,"Insignia, Bracers",942198.4
3320012,T19M,"Bracers, Cloak",890871.5
3320012,T19M,"Insignia, Bracers",908823.0
3320012,T19M,"Insignia, Cloak",878832.7
3320012,T19M,"Mantle, Bracers",952092.4
3320012,T19M,"Mantle, Cloak",924504.4
3320012,T19M,"Mantle, Insignia",920598.5
3320012,T20H,"None",738668.8
3320012,T20H,"Bracers, Cloak",853272.2
3320012,T20H,"Insignia, Bracers",873942.0
3320012,T20H,"Insignia, Cloak",812342.6
3320012,T20H,"Mantle, Bracers",914652.0
3320012,T20H,"Mantle, Cloak",862930.5
3320012,T20H,"Mantle, Insignia",861111.9
3320013,T19M,"None",786777.2
3320013,T19M2+T20H2,"None",756499.7
3320013,T19M2+T20H2,"Bracers, Cloak",859905.0
3320013,T19M2+T20H2,"Insignia, Bracers",880846.9
3320013,T19M2+T20H2,"Insignia, Cloak",834014.3
3320013,T19M2+T20H2,"Mantle, Bracers",907085.8
3320013,T19M2+T20H2,"Mantle, Cloak",867620.7
3320013,T19M2+T20H2,"Mantle, Insignia",873270.8
3320013,T19M2+T20H4,"None",791618.0
3320013,T19M2+T20H4,"Insignia, Bracers",924237.2
3320013,T19M4+T20H2,"None",813135.3
3320013,T19M4+T20H2,"Insignia, Bracers",936257.2
3320013,T19M,"Bracers, Cloak",880571.9
3320013,T19M,"Insignia, Bracers",901165.9
3320013,T19M,"Insignia, Cloak",873468.5
3320013,T19M,"Mantle, Bracers",928880.4
3320013,T19M,"Mantle, Cloak",904724.4
3320013,T19M,"Mantle, Insignia",910670.6
3320013,T20H,"None",761584.4
3320013,T20H,"Bracers, Cloak",869867.8
3320013,T20H,"Insignia, Bracers",889499.8
3320013,T20H,"Insignia, Cloak",841640.2
3320013,T20H,"Mantle, Bracers",916556.3
3320013,T20H,"Mantle, Cloak",876191.6
3320013,T20H,"Mantle, Insignia",879167.0
3320021,T19M,"None",900674.8
3320021,T19M2+T20H2,"None",918733.2
3320021,T19M2+T20H2,"Bracers, Cloak",1022874.8
3320021,T19M2+T20H2,"Insignia, Bracers",1054616.6
3320021,T19M2+T20H2,"Insignia, Cloak",1015007.5
3320021,T19M2+T20H2,"Mantle, Bracers",1080211.0
3320021,T19M2+T20H2,"Mantle, Cloak",1057963.6
3320021,T19M2+T20H2,"Mantle, Insignia",1064795.2
3320021,T19M2+T20H4,"None",951659.7
3320021,T19M2+T20H4,"Insignia, Bracers",1097342.2
3320021,T19M4+T20H2,"None",929719.8
3320021,T19M4+T20H2,"Insignia, Bracers",1069316.0
3320021,T19M,"Bracers, Cloak",999944.4
3320021,T19M,"Insignia, Bracers",1032405.4
3320021,T19M,"Insignia, Cloak",999011.6
3320021,T19M,"Mantle, Bracers",1058315.1
3320021,T19M,"Mantle, Cloak",1039615.1
3320021,T19M,"Mantle, Insignia",1050042.8
3320021,T20H,"None",925303.7
3320021,T20H,"Bracers, Cloak",1037479.1
3320021,T20H,"Insignia, Bracers",1063351.2
3320021,T20H,"Insignia, Cloak",1029213.9
3320021,T20H,"Mantle, Bracers",1090054.7
3320021,T20H,"Mantle, Cloak",1076415.0
3320021,T20H,"Mantle, Insignia",1074744.2
3320022,T19M,"None",890791.8
3320022,T19M2+T20H2,"None",859489.0
3320022,T19M2+T20H2,"Bracers, Cloak",999075.6
3320022,T19M2+T20H2,"Insignia, Bracers",1018340.1
3320022,T19M2+T20H2,"Insignia, Cloak",951877.5
3320022,T19M2+T20H2,"Mantle, Bracers",1069613.9
3320022,T19M2+T20H2,"Mantle, Cloak",1015542.7
3320022,T19M2+T20H2,"Mantle, Insignia",1009082.6
3320022,T19M2+T20H4,"None",902178.5
3320022,T19M2+T20H4,"Insignia, Bracers",1074600.8
3320022,T19M4+T20H2,"None",921654.0
3320022,T19M4+T20H2,"Insignia, Bracers",1082148.0
3320022,T19M,"Bracers, Cloak",1023098.9
3320022,T19M,"Insignia, Bracers",1044648.4
3320022,T19M,"Insignia, Cloak",996153.6
3320022,T19M,"Mantle, Bracers",1097754.7
3320022,T19M,"Mantle, Cloak",1058227.0
3320022,T19M,"Mantle, Insignia",1054871.9
3320022,T20H,"None",869989.8
3320022,T20H,"Bracers, Cloak",1014995.0
3320022,T20H,"Insignia, Bracers",1035460.5
3320022,T20H,"Insignia, Cloak",967076.9
3320022,T20H,"Mantle, Bracers",1090061.2
3320022,T20H,"Mantle, Cloak",1030268.4
3320022,T20H,"Mantle, Insignia",1023527.3
3320023,T19M,"None",865192.5
3320023,T19M2+T20H2,"None",857762.5
3320023,T19M2+T20H2,"Bracers, Cloak",980074.8
3320023,T19M2+T20H2,"Insignia, Bracers",1004891.7
3320023,T19M2+T20H2,"Insignia, Cloak",947233.6
3320023,T19M2+T20H2,"Mantle, Bracers",1046099.9
3320023,T19M2+T20H2,"Mantle, Cloak",993710.1
3320023,T19M2+T20H2,"Mantle, Insignia",999480.7
3320023,T19M2+T20H4,"None",898577.1
3320023,T19M2+T20H4,"Insignia, Bracers",1059748.5
3320023,T19M4+T20H2,"None",892584.0
3320023,T19M4+T20H2,"Insignia, Bracers",1047402.9
3320023,T19M,"Bracers, Cloak",983483.0
3320023,T19M,"Insignia, Bracers",1010715.4
3320023,T19M,"Insignia, Cloak",964398.6
3320023,T19M,"Mantle, Bracers",1052453.5
3320023,T19M,"Mantle, Cloak",1008213.0
3320023,T19M,"Mantle, Insignia",1016351.8
3320023,T20H,"None",867247.6
3320023,T20H,"Bracers, Cloak",995735.9
3320023,T20H,"Insignia, Bracers",1022075.9
3320023,T20H,"Insignia, Cloak",964509.4
3320023,T20H,"Mantle, Bracers",1059544.0
3320023,T20H,"Mantle, Cloak",1009975.7
3320023,T20H,"Mantle, Insignia",1014017.7
3320031,T19M,"None",816543.9
3320031,T19M2+T20H2,"None",811320.2
3320031,T19M2+T20H2,"Bracers, Cloak",902218.0
3320031,T19M2+T20H2,"Insignia, Bracers",928283.7
3320031,T19M2+T20H2,"Insignia, Cloak",904350.9
3320031,T19M2+T20H2,"Mantle, Bracers",950293.2
3320031,T19M2+T20H2,"Mantle, Cloak",938292.0
3320031,T19M2+T20H2,"Mantle, Insignia",940310.2
3320031,T19M2+T20H4,"None",836396.6
3320031,T19M2+T20H4,"Insignia, Bracers",958837.5
3320031,T19M4+T20H2,"None",843506.6
3320031,T19M4+T20H2,"Insignia, Bracers",959858.1
3320031,T19M,"Bracers, Cloak",903009.8
3320031,T19M,"Insignia, Bracers",924463.9
3320031,T19M,"Insignia, Cloak",910302.4
3320031,T19M,"Mantle, Bracers",948695.2
3320031,T19M,"Mantle, Cloak",948333.4
3320031,T19M,"Mantle, Insignia",948750.2
3320031,T20H,"None",812122.6
3320031,T20H,"Bracers, Cloak",907404.0
3320031,T20H,"Insignia, Bracers",928264.9
3320031,T20H,"Insignia, Cloak",903003.4
3320031,T20H,"Mantle, Bracers",949308.0
3320031,T20H,"Mantle, Cloak",942501.0
3320031,T20H,"Mantle, Insignia",938297.3
3320032,T19M,"None",813615.7
3320032,T19M2+T20H2,"None",763904.4
3320032,T19M2+T20H2,"Bracers, Cloak",874667.2
3320032,T19M2+T20H2,"Insignia, Bracers",893548.6
3320032,T19M2+T20H2,"Insignia, Cloak",840954.2
3320032,T19M2+T20H2,"Mantle, Bracers",942041.0
3320032,T19M2+T20H2,"Mantle, Cloak",896112.4
3320032,T19M2+T20H2,"Mantle, Insignia",889217.2
3320032,T19M2+T20H4,"None",795701.2
3320032,T19M2+T20H4,"Insignia, Bracers",935924.2
3320032,T19M4+T20H2,"None",840512.6
3320032,T19M4+T20H2,"Insignia, Bracers",968053.1
3320032,T19M,"Bracers, Cloak",921669.2
3320032,T19M,"Insignia, Bracers",934365.7
3320032,T19M,"Insignia, Cloak",906676.4
3320032,T19M,"Mantle, Bracers",986013.1
3320032,T19M,"Mantle, Cloak",961840.2
3320032,T19M,"Mantle, Insignia",952659.2
3320032,T20H,"None",765011.4
3320032,T20H,"Bracers, Cloak",879605.6
3320032,T20H,"Insignia, Bracers",902952.9
3320032,T20H,"Insignia, Cloak",845191.1
3320032,T20H,"Mantle, Bracers",948901.8
3320032,T20H,"Mantle, Cloak",899588.1
3320032,T20H,"Mantle, Insignia",896290.6
3320033,T19M,"None",804478.1
3320033,T19M2+T20H2,"None",781684.9
3320033,T19M2+T20H2,"Bracers, Cloak",884326.1
3320033,T19M2+T20H2,"Insignia, Bracers",905554.1
3320033,T19M2+T20H2,"Insignia, Cloak",859506.1
3320033,T19M2+T20H2,"Mantle, Bracers",939338.6
3320033,T19M2+T20H2,"Mantle, Cloak",896558.0
3320033,T19M2+T20H2,"Mantle, Insignia",902108.9
3320033,T19M2+T20H4,"None",810673.1
3320033,T19M2+T20H4,"Insignia, Bracers",944727.6
3320033,T19M4+T20H2,"None",829309.7
3320033,T19M4+T20H2,"Insignia, Bracers",953522.0
3320033,T19M,"Bracers, Cloak",903376.7
3320033,T19M,"Insignia, Bracers",922638.8
3320033,T19M,"Insignia, Cloak",891613.0
3320033,T19M,"Mantle, Bracers",959568.3
3320033,T19M,"Mantle, Cloak",929805.3
3320033,T19M,"Mantle, Insignia",934802.2
3320033,T20H,"None",784306.2
3320033,T20H,"Bracers, Cloak",892419.0
3320033,T20H,"Insignia, Bracers",913347.5
3320033,T20H,"Insignia, Cloak",865159.3
3320033,T20H,"Mantle, Bracers",945780.0
3320033,T20H,"Mantle, Cloak",904993.6
3320033,T20H,"Mantle, Insignia",909631.2
3330011,T19M,"None",820568.4
3330011,T19M2+T20H2,"None",822604.9
3330011,T19M2+T20H2,"Bracers, Cloak",912885.6
3330011,T19M2+T20H2,"Insignia, Bracers",948045.4
3330011,T19M2+T20H2,"Insignia, Cloak",903357.5
3330011,T19M2+T20H2,"Mantle, Bracers",958531.3
3330011,T19M2+T20H2,"Mantle, Cloak",926538.5
3330011,T19M2+T20H2,"Mantle, Insignia",944121.5
3330011,T19M2+T20H4,"None",850649.4
3330011,T19M2+T20H4,"Insignia, Bracers",980188.8
3330011,T19M4+T20H2,"None",851354.3
3330011,T19M4+T20H2,"Insignia, Bracers",976200.6
3330011,T19M,"Bracers, Cloak",901243.7
3330011,T19M,"Insignia, Bracers",939454.5
3330011,T19M,"Insignia, Cloak",907530.2
3330011,T19M,"Mantle, Bracers",946766.9
3330011,T19M,"Mantle, Cloak",924685.3
3330011,T19M,"Mantle, Insignia",946788.2
3330011,T20H,"None",818391.0
3330011,T20H,"Bracers, Cloak",911712.0
3330011,T20H,"Insignia, Bracers",944431.2
3330011,T20H,"Insignia, Cloak",903293.7
3330011,T20H,"Mantle, Bracers",955382.6
3330011,T20H,"Mantle, Cloak",926815.3
3330011,T20H,"Mantle, Insignia",942034.4
3330012,T19M,"None",798329.2
3330012,T19M2+T20H2,"None",753636.6
3330012,T19M2+T20H2,"Bracers, Cloak",863345.3
3330012,T19M2+T20H2,"Insignia, Bracers",892723.1
3330012,T19M2+T20H2,"Insignia, Cloak",825022.3
3330012,T19M2+T20H2,"Mantle, Bracers",925572.1
3330012,T19M2+T20H2,"Mantle, Cloak",862867.7
3330012,T19M2+T20H2,"Mantle, Insignia",875488.9
3330012,T19M2+T20H4,"None",787827.7
3330012,T19M2+T20H4,"Insignia, Bracers",937105.2
3330012,T19M4+T20H2,"None",828625.5
3330012,T19M4+T20H2,"Insignia, Bracers",960626.3
3330012,T19M,"Bracers, Cloak",897671.5
3330012,T19M,"Insignia, Bracers",928442.4
3330012,T19M,"Insignia, Cloak",883390.5
3330012,T19M,"Mantle, Bracers",964163.4
3330012,T19M,"Mantle, Cloak",919703.9
3330012,T19M,"Mantle, Insignia",934275.8
3330012,T20H,"None",754789.1
3330012,T20H,"Bracers, Cloak",869995.9
3330012,T20H,"Insignia, Bracers",900472.9
3330012,T20H,"Insignia, Cloak",827943.2
3330012,T20H,"Mantle, Bracers",932617.7
3330012,T20H,"Mantle, Cloak",868539.9
3330012,T20H,"Mantle, Insignia",881741.5
3330013,T19M,"None",793570.8
3330013,T19M2+T20H2,"None",775802.8
3330013,T19M2+T20H2,"Bracers, Cloak",879925.4
3330013,T19M2+T20H2,"Insignia, Bracers",910832.7
3330013,T19M2+T20H2,"Insignia, Cloak",852529.7
3330013,T19M2+T20H2,"Mantle, Bracers",928633.7
3330013,T19M2+T20H2,"Mantle, Cloak",873939.5
3330013,T19M2+T20H2,"Mantle, Insignia",894576.5
3330013,T19M2+T20H4,"None",811768.2
3330013,T19M2+T20H4,"Insignia, Bracers",954737.0
3330013,T19M4+T20H2,"None",821657.9
3330013,T19M4+T20H2,"Insignia, Bracers",957970.8
3330013,T19M,"Bracers, Cloak",889228.6
3330013,T19M,"Insignia, Bracers",922248.7
3330013,T19M,"Insignia, Cloak",875693.9
3330013,T19M,"Mantle, Bracers",942213.0
3330013,T19M,"Mantle, Cloak",896170.2
3330013,T19M,"Mantle, Insignia",919801.3
3330013,T20H,"None",780336.4
3330013,T20H,"Bracers, Cloak",885763.9
3330013,T20H,"Insignia, Bracers",918532.2
3330013,T20H,"Insignia, Cloak",858639.4
3330013,T20H,"Mantle, Bracers",936512.7
3330013,T20H,"Mantle, Cloak",879672.1
3330013,T20H,"Mantle, Insignia",902500.9
3330021,T19M,"None",890202.6
3330021,T19M2+T20H2,"None",916972.6
3330021,T19M2+T20H2,"Bracers, Cloak",1019094.4
3330021,T19M2+T20H2,"Insignia, Bracers",1064968.0
3330021,T19M2+T20H2,"Insignia, Cloak",1008185.8
3330021,T19M2+T20H2,"Mantle, Bracers",1074201.4
3330021,T19M2+T20H2,"Mantle, Cloak",1029419.4
3330021,T19M2+T20H2,"Mantle, Insignia",1057847.6
3330021,T19M2+T20H4,"None",949321.0
3330021,T19M2+T20H4,"Insignia, Bracers",1108211.3
3330021,T19M4+T20H2,"None",918328.6
3330021,T19M4+T20H2,"Insignia, Bracers",1071505.0
3330021,T19M,"Bracers, Cloak",987050.4
3330021,T19M,"Insignia, Bracers",1036448.6
3330021,T19M,"Insignia, Cloak",984554.2
3330021,T19M,"Mantle, Bracers",1046582.6
3330021,T19M,"Mantle, Cloak",1004267.1
3330021,T19M,"Mantle, Insignia",1032174.4
3330021,T20H,"None",924013.0
3330021,T20H,"Bracers, Cloak",1032518.2
3330021,T20H,"Insignia, Bracers",1077028.9
3330021,T20H,"Insignia, Cloak",1023435.0
3330021,T20H,"Mantle, Bracers",1088304.2
3330021,T20H,"Mantle, Cloak",1046404.1
3330021,T20H,"Mantle, Insignia",1072876.3
3330022,T19M,"None",889705.2
3330022,T19M2+T20H2,"None",874739.3
3330022,T19M2+T20H2,"Bracers, Cloak",1008277.3
3330022,T19M2+T20H2,"Insignia, Bracers",1041847.7
3330022,T19M2+T20H2,"Insignia, Cloak",965068.0
3330022,T19M2+T20H2,"Mantle, Bracers",1083584.1
3330022,T19M2+T20H2,"Mantle, Cloak",1008630.3
3330022,T19M2+T20H2,"Mantle, Insignia",1025027.8
3330022,T19M2+T20H4,"None",920358.2
3330022,T19M2+T20H4,"Insignia, Bracers",1101529.6
3330022,T19M4+T20H2,"None",917679.6
3330022,T19M4+T20H2,"Insignia, Bracers",1095642.4
3330022,T19M,"Bracers, Cloak",1017575.8
3330022,T19M,"Insignia, Bracers",1054594.9
3330022,T19M,"Insignia, Cloak",987014.4
3330022,T19M,"Mantle, Bracers",1095931.6
3330022,T19M,"Mantle, Cloak",1028275.2
3330022,T19M,"Mantle, Insignia",1050095.0
3330022,T20H,"None",883596.8
3330022,T20H,"Bracers, Cloak",1024436.5
3330022,T20H,"Insignia, Bracers",1060120.5
3330022,T20H,"Insignia, Cloak",977980.0
3330022,T20H,"Mantle, Bracers",1099806.3
3330022,T20H,"Mantle, Cloak",1026433.6
3330022,T20H,"Mantle, Insignia",1041447.1
3330023,T19M,"None",860898.7
3330023,T19M2+T20H2,"None",866851.2
3330023,T19M2+T20H2,"Bracers, Cloak",988664.0
3330023,T19M2+T20H2,"Insignia, Bracers",1024403.8
3330023,T19M2+T20H2,"Insignia, Cloak",953280.6
3330023,T19M2+T20H2,"Mantle, Bracers",1052548.2
3330023,T19M2+T20H2,"Mantle, Cloak",983738.7
3330023,T19M2+T20H2,"Mantle, Insignia",1008138.5
3330023,T19M2+T20H4,"None",908817.5
3330023,T19M2+T20H4,"Insignia, Bracers",1083440.6
3330023,T19M4+T20H2,"None",889683.1
3330023,T19M4+T20H2,"Insignia, Bracers",1059387.5
3330023,T19M,"Bracers, Cloak",977083.5
3330023,T19M,"Insignia, Bracers",1019041.6
3330023,T19M,"Insignia, Cloak",953920.6
3330023,T19M,"Mantle, Bracers",1047634.7
3330023,T19M,"Mantle, Cloak",980491.5
3330023,T19M,"Mantle, Insignia",1009371.7
3330023,T20H,"None",876317.5
3330023,T20H,"Bracers, Cloak",1004022.6
3330023,T20H,"Insignia, Bracers",1044539.9
3330023,T20H,"Insignia, Cloak",968495.8
3330023,T20H,"Mantle, Bracers",1069861.3
3330023,T20H,"Mantle, Cloak",998090.6
3330023,T20H,"Mantle, Insignia",1025760.7
3330031,T19M,"None",832668.6
3330031,T19M2+T20H2,"None",839372.7
3330031,T19M2+T20H2,"Bracers, Cloak",929681.6
3330031,T19M2+T20H2,"Insignia, Bracers",963920.8
3330031,T19M2+T20H2,"Insignia, Cloak",922317.7
3330031,T19M2+T20H2,"Mantle, Bracers",982396.2
3330031,T19M2+T20H2,"Mantle, Cloak",948411.8
3330031,T19M2+T20H2,"Mantle, Insignia",967648.5
3330031,T19M2+T20H4,"None",867570.5
3330031,T19M2+T20H4,"Insignia, Bracers",1000321.5
3330031,T19M4+T20H2,"None",862426.3
3330031,T19M4+T20H2,"Insignia, Bracers",990933.5
3330031,T19M,"Bracers, Cloak",916767.8
3330031,T19M,"Insignia, Bracers",956319.3
3330031,T19M,"Insignia, Cloak",920287.4
3330031,T19M,"Mantle, Bracers",970705.2
3330031,T19M,"Mantle, Cloak",942869.4
3330031,T19M,"Mantle, Insignia",965820.3
3330031,T20H,"None",836290.6
3330031,T20H,"Bracers, Cloak",930829.8
3330031,T20H,"Insignia, Bracers",963128.1
3330031,T20H,"Insignia, Cloak",922399.2
3330031,T20H,"Mantle, Bracers",980318.3
3330031,T20H,"Mantle, Cloak",952057.0
3330031,T20H,"Mantle, Insignia",966533.8
3330032,T19M,"None",831743.7
3330032,T19M2+T20H2,"None",799638.2
3330032,T19M2+T20H2,"Bracers, Cloak",913036.3
3330032,T19M2+T20H2,"Insignia, Bracers",941661.0
3330032,T19M2+T20H2,"Insignia, Cloak",876808.4
3330032,T19M2+T20H2,"Mantle, Bracers",979146.0
3330032,T19M2+T20H2,"Mantle, Cloak",917417.8
3330032,T19M2+T20H2,"Mantle, Insignia",929251.2
3330032,T19M2+T20H4,"None",832737.6
3330032,T19M2+T20H4,"Insignia, Bracers",986627.2
3330032,T19M4+T20H2,"None",860026.7
3330032,T19M4+T20H2,"Insignia, Bracers",1000291.7
3330032,T19M,"Bracers, Cloak",937979.4
3330032,T19M,"Insignia, Bracers",965215.7
3330032,T19M,"Insignia, Cloak",920241.9
3330032,T19M,"Mantle, Bracers",1004527.0
3330032,T19M,"Mantle, Cloak",957049.7
3330032,T19M,"Mantle, Insignia",974071.2
3330032,T20H,"None",802067.3
3330032,T20H,"Bracers, Cloak",920236.7
3330032,T20H,"Insignia, Bracers",951130.3
3330032,T20H,"Insignia, Cloak",882715.1
3330032,T20H,"Mantle, Bracers",985275.6
3330032,T20H,"Mantle, Cloak",921904.0
3330032,T20H,"Mantle, Insignia",935287.1
3330033,T19M,"None",814551.6
3330033,T19M2+T20H2,"None",804120.4
3330033,T19M2+T20H2,"Bracers, Cloak",908666.5
3330033,T19M2+T20H2,"Insignia, Bracers",940129.9
3330033,T19M2+T20H2,"Insignia, Cloak",882226.3
3330033,T19M2+T20H2,"Mantle, Bracers",965437.2
3330033,T19M2+T20H2,"Mantle, Cloak",909352.2
3330033,T19M2+T20H2,"Mantle, Insignia",931625.6
3330033,T19M2+T20H4,"None",837219.3
3330033,T19M2+T20H4,"Insignia, Bracers",985033.4
3330033,T19M4+T20H2,"None",840871.2
3330033,T19M4+T20H2,"Insignia, Bracers",979754.2
3330033,T19M,"Bracers, Cloak",909194.1
3330033,T19M,"Insignia, Bracers",947422.2
3330033,T19M,"Insignia, Cloak",897713.5
3330033,T19M,"Mantle, Bracers",971007.2
3330033,T19M,"Mantle, Cloak",924210.9
3330033,T19M,"Mantle, Insignia",946597.7
3330033,T20H,"None",807632.4
3330033,T20H,"Bracers, Cloak",916191.3
3330033,T20H,"Insignia, Bracers",949154.1
3330033,T20H,"Insignia, Cloak",889800.2
3330033,T20H,"Mantle, Bracers",971870.4
3330033,T20H,"Mantle, Cloak",915579.9
3330033,T20H,"Mantle, Insignia",936992.3
