3310022,T20M,"Mantle, Bracers",1311947
3330022,T20M,"Mantle, Bracers",1287022
3310023,T20M,"Mantle, Bracers",1286983
3310022,T19M2+T20M4,"Insignia, Bracers",1285043
3310022,T19M2+T20M2,"Mantle, Bracers",1283104
3310022,T19M,"Mantle, Bracers",1276048
3330022,T19M2+T20M4,"Insignia, Bracers",1269013
3310023,T19M2+T20M4,"Insignia, Bracers",1268581
3330023,T20M,"Mantle, Bracers",1263748
2310022,T20M,"Mantle, Bracers",1262331
3320022,T20M,"Mantle, Bracers",1260264
1310022,T20M,"Mantle, Bracers",1259097
3310022,T20M,"Insignia, Bracers",1257070
3310022,T20M,"Mantle, Insignia",1256653
3310023,T19M2+T20M2,"Mantle, Bracers",1255587
1310021,T20M,"Mantle, Insignia",1255346
3330022,T19M2+T20M2,"Mantle, Bracers",1254744
3310021,T20M,"Mantle, Bracers",1253400
1310022,T20M,"Mantle, Insignia",1252492
2310022,T20M,"Mantle, Insignia",1249599
3310022,T19M4+T20M2,"Insignia, Bracers",1249196
3330023,T19M2+T20M4,"Insignia, Bracers",1248218
1330022,T20M,"Mantle, Bracers",1247093
1310021,T20M,"Mantle, Cloak",1247031
1310021,T20M,"Mantle, Bracers",1246167
3310023,T20M,"Mantle, Insignia",1243388
3310021,T19M2+T20M4,"Insignia, Bracers",1242732
1310023,T20M,"Mantle, Bracers",1240871
3330022,T20M,"Insignia, Bracers",1240492
2330022,T20M,"Mantle, Bracers",1240248
1310021,T19M2+T20M4,"Insignia, Bracers",1240152
2310022,T19M2+T20M2,"Mantle, Bracers",1239679
3330022,T19M,"Mantle, Bracers",1239144
2310022,T19M2+T20M4,"Insignia, Bracers",1238698
3310022,T20M,"Mantle, Cloak",1238643
2310023,T20M,"Mantle, Bracers",1237314
3310023,T20M,"Insignia, Bracers",1237305
1310022,T19M,"Mantle, Insignia",1236568
1310022,T19M2+T20M4,"Insignia, Bracers",1235522
1330022,T20M,"Mantle, Insignia",1234634
1310023,T20M,"Mantle, Insignia",1233579
1310022,T19M2+T20M2,"Mantle, Bracers",1232767
1310022,T19M,"Mantle, Bracers",1232618
1310022,T19M,"Mantle, Cloak",1232027
3320022,T19M,"Mantle, Bracers",1231961
2310022,T20M,"Mantle, Cloak",1231837
1330022,T19M2+T20M4,"Insignia, Bracers",1231587
1310022,T20M,"Mantle, Cloak",1231277
3310023,T19M,"Mantle, Bracers",1230653
3330022,T20M,"Mantle, Insignia",1229960
3320023,T20M,"Mantle, Bracers",1229076
2310022,T19M,"Mantle, Bracers",1228915
2310021,T20M,"Mantle, Insignia",1228803
2310022,T19M,"Mantle, Insignia",1228627
3330023,T19M2+T20M2,"Mantle, Bracers",1228379
1310021,T19M2+T20M2,"Mantle, Insignia",1228236
2310021,T20M,"Mantle, Bracers",1226994
3310022,T19M2+T20M2,"Mantle, Insignia",1226976
3310021,T19M2+T20M2,"Mantle, Bracers",1226955
3320022,T19M2+T20M4,"Insignia, Bracers",1226725
2330022,T19M2+T20M4,"Insignia, Bracers",1226271
3310021,T20M,"Mantle, Insignia",1226194
2310022,T19M,"Mantle, Cloak",1226022
2330022,T20M,"Mantle, Insignia",1225783
1310023,T19M2+T20M4,"Insignia, Bracers",1225583
3310022,T19M,"Mantle, Insignia",1225529
3320022,T19M2+T20M2,"Mantle, Bracers",1225489
3310022,T20M,"Bracers, Cloak",1225418
2310022,T19M2+T20M2,"Mantle, Insignia",1225362
3310023,T20M,"Mantle, Cloak",1225339
3310022,T19M,"Mantle, Cloak",1225264
2310021,T20M,"Mantle, Cloak",1224803
3330022,T19M4+T20M2,"Insignia, Bracers",1224267
3310022,T19M2+T20M2,"Insignia, Bracers",1223874
2310021,T19M2+T20M4,"Insignia, Bracers",1223744
3310021,T20M,"Mantle, Cloak",1223265
1330023,T20M,"Mantle, Bracers",1223159
2310023,T20M,"Mantle, Insignia",1222354
1310021,T19M2+T20M2,"Mantle, Bracers",1222156
2310023,T19M2+T20M4,"Insignia, Bracers",1221809
1310022,T19M2+T20M2,"Mantle, Insignia",1221355
3330021,T20M,"Mantle, Bracers",1219028
1310021,T19M2+T20M2,"Mantle, Cloak",1218776
1330023,T19M2+T20M4,"Insignia, Bracers",1217530
1330021,T20M,"Mantle, Bracers",1217039
3330023,T20M,"Insignia, Bracers",1216750
1330022,T19M2+T20M2,"Mantle, Bracers",1215069
1310023,T19M2+T20M2,"Mantle, Bracers",1214840
1310023,T20M,"Mantle, Cloak",1214688
3310023,T19M4+T20M2,"Insignia, Bracers",1213446
1330021,T20M,"Mantle, Insignia",1213161
3310023,T20M,"Bracers, Cloak",1212866
1330021,T19M2+T20M4,"Insignia, Bracers",1212301
2310023,T19M2+T20M2,"Mantle, Bracers",1211762
3310021,T20M,"Insignia, Bracers",1211616
2330022,T19M2+T20M2,"Mantle, Bracers",1211602
3330021,T19M2+T20M4,"Insignia, Bracers",1211321
3310023,T19M2+T20M2,"Mantle, Insignia",1210731
2320022,T20M,"Mantle, Bracers",1210030
1330022,T19M,"Mantle, Bracers",1209875
1310021,T20M,"Insignia, Bracers",1209545
1330023,T20M,"Mantle, Insignia",1208928
2310022,T19M4+T20M2,"Insignia, Bracers",1208842
1310022,T19M4+T20M2,"Insignia, Bracers",1208652
1320022,T20M,"Mantle, Bracers",1208566
2310022,T20M,"Insignia, Bracers",1207886
1310022,T20M,"Insignia, Bracers",1207886
2310021,T19M2+T20M2,"Mantle, Bracers",1207404
2330023,T20M,"Mantle, Bracers",1206789
1320021,T20M,"Mantle, Cloak",1206239
3320021,T20M,"Mantle, Bracers",1206098
3320022,T20M,"Insignia, Bracers",1205823
3330022,T19M2+T20M2,"Insignia, Bracers",1205714
1330022,T19M,"Mantle, Insignia",1205654
3310022,T19M2+T20M2,"Mantle, Cloak",1205585
2310022,T19M2+T20M2,"Mantle, Cloak",1205370
2310021,T19M2+T20M2,"Mantle, Insignia",1204972
3320023,T19M2+T20M4,"Insignia, Bracers",1204833
3330022,T20M,"Bracers, Cloak",1204474
1330022,T20M,"Insignia, Bracers",1204427
1310023,T19M2+T20M2,"Mantle, Insignia",1204315
3320022,T20M,"Mantle, Insignia",1204225
1320022,T19M,"Mantle, Cloak",1203960
3320022,T19M4+T20M2,"Insignia, Bracers",1203735
1310022,T19M2+T20M2,"Mantle, Cloak",1203518
3310023,T19M2+T20M2,"Insignia, Bracers",1203476
2330023,T19M2+T20M4,"Insignia, Bracers",1203104
3330023,T20M,"Mantle, Insignia",1202134
2310023,T20M,"Mantle, Cloak",1201796
1330022,T19M2+T20M2,"Mantle, Insignia",1201331
1330022,T20M,"Mantle, Cloak",1201191
1320022,T20M,"Mantle, Insignia",1200574
3330022,T20M,"Mantle, Cloak",1199829
1330021,T20M,"Mantle, Cloak",1199741
3310022,T19M,"Insignia, Bracers",1198790
3310021,T19M2+T20M2,"Mantle, Insignia",1198665
2310023,T19M2+T20M2,"Mantle, Insignia",1198462
2310021,T19M2+T20M2,"Mantle, Cloak",1197084
2330022,T19M,"Mantle, Bracers",1197057
1310023,T20M,"Insignia, Bracers",1196470
3310023,T19M2+T20M2,"Mantle, Cloak",1196457
3330022,T19M2+T20M2,"Mantle, Insignia",1195968
1330023,T19M2+T20M2,"Mantle, Bracers",1195459
1330021,T19M2+T20M2,"Mantle, Bracers",1195328
3310022,T19M2+T20M2,"Bracers, Cloak",1195306
3320023,T19M2+T20M2,"Mantle, Bracers",1194905
3320022,T20M,"Mantle, Cloak",1194285
3310021,T19M2+T20M2,"Mantle, Cloak",1193783
1330022,T19M4+T20M2,"Insignia, Bracers",1193594
1320021,T20M,"Mantle, Insignia",1193271
1320022,T20M,"Mantle, Cloak",1193108
2330022,T19M2+T20M2,"Mantle, Insignia",1192739
1310023,T19M,"Mantle, Bracers",1192509
3330021,T19M2+T20M2,"Mantle, Bracers",1192313
1310023,T19M,"Mantle, Insignia",1192019
2330022,T20M,"Mantle, Cloak",1191997
3330023,T19M,"Mantle, Bracers",1191304
2320022,T20M,"Mantle, Insignia",1191057
3320022,T19M,"Mantle, Cloak",1190705
1310021,T20M,"Insignia, Cloak",1190644
3310021,T20M,"Bracers, Cloak",1190445
3330023,T20M,"Bracers, Cloak",1190151
2330022,T20M,"Insignia, Bracers",1189746
2320022,T19M,"Mantle, Cloak",1189358
1310021,T19M,"Mantle, Insignia",1189332
2330021,T19M2+T20M4,"Insignia, Bracers",1189023
3310022,T19M,"Bracers, Cloak",1188970
1320021,T20M,"Mantle, Bracers",1188863
2330021,T20M,"Mantle, Bracers",1188838
1310021,T19M,"Mantle, Cloak",1188049
3330023,T19M4+T20M2,"Insignia, Bracers",1187942
2330023,T20M,"Mantle, Insignia",1187910
2320022,T20M,"Mantle, Cloak",1187485
1320022,T19M,"Mantle, Insignia",1187350
2310021,T20M,"Insignia, Bracers",1187081
2310023,T19M,"Mantle, Bracers",1186934
1330022,T19M,"Mantle, Cloak",1186723
3310021,T19M2+T20M2,"Insignia, Bracers",1186676
1310021,T20M,"Bracers, Cloak",1186309
1320022,T19M,"Mantle, Bracers",1186106
1310021,T19M2+T20M2,"Insignia, Bracers",1185908
1330021,T19M2+T20M2,"Mantle, Insignia",1185878
2310023,T20M,"Insignia, Bracers",1185244
3330023,T19M2+T20M2,"Insignia, Bracers",1184690
1330023,T20M,"Insignia, Bracers",1184510
2330023,T19M2+T20M2,"Mantle, Bracers",1184459
2330021,T20M,"Mantle, Insignia",1184056
1310023,T19M,"Mantle, Cloak",1183964
3320021,T20M,"Mantle, Cloak",1183935
3310023,T19M2+T20M2,"Bracers, Cloak",1183685
3320021,T19M2+T20M4,"Insignia, Bracers",1183591
1310023,T19M2+T20M2,"Mantle, Cloak",1183578
2310022,T19M2+T20M2,"Insignia, Bracers",1182484
2330022,T19M,"Mantle, Insignia",1182164
1330021,T20M,"Insignia, Bracers",1182122
3310021,T19M4+T20M2,"Insignia, Bracers",1182052
2330022,T19M4+T20M2,"Insignia, Bracers",1181950
2320021,T20M,"Mantle, Cloak",1181919
3310023,T19M,"Mantle, Insignia",1181772
1310021,T19M4+T20M2,"Insignia, Bracers",1181692
2320022,T19M,"Mantle, Bracers",1181645
2310022,T20M,"Bracers, Cloak",1181588
2320022,T19M2+T20M2,"Mantle, Bracers",1181110
2310023,T19M,"Mantle, Insignia",1181060
3330023,T20M,"Mantle, Cloak",1180863
2320022,T19M2+T20M4,"Insignia, Bracers",1180646
1320022,T19M2+T20M4,"Insignia, Bracers",1180388
3310023,T19M,"Mantle, Cloak",1180149
3330021,T20M,"Insignia, Bracers",1179586
1310021,T19M,"Mantle, Bracers",1179334
1310022,T19M2+T20M2,"Insignia, Bracers",1179192
2310023,T19M2+T20M2,"Mantle, Cloak",1179078
1330023,T19M2+T20M2,"Mantle, Insignia",1178989
3320022,T20M,"Bracers, Cloak",1178936
1320023,T20M,"Mantle, Bracers",1178407
3330021,T20M,"Mantle, Insignia",1178313
1310022,T20M,"Bracers, Cloak",1178210
1310023,T19M4+T20M2,"Insignia, Bracers",1178106
3320023,T20M,"Mantle, Insignia",1177717
3320022,T19M,"Mantle, Insignia",1177697
3320023,T20M,"Mantle, Cloak",1177598
3320023,T20M,"Insignia, Bracers",1177556
1330023,T20M,"Mantle, Cloak",1177543
3330022,T19M,"Mantle, Insignia",1176612
3310021,T19M,"Mantle, Bracers",1176353
3320021,T19M2+T20M2,"Mantle, Bracers",1176018
2320022,T19M,"Mantle, Insignia",1174932
1320022,T19M2+T20M2,"Mantle, Bracers",1174385
1320021,T19M2+T20M4,"Insignia, Bracers",1174246
3320021,T20M,"Mantle, Insignia",1174045
3320023,T19M,"Mantle, Bracers",1173934
2320023,T20M,"Mantle, Bracers",1173906
1310023,T20M,"Bracers, Cloak",1173535
2310023,T19M4+T20M2,"Insignia, Bracers",1173046
3330023,T19M2+T20M2,"Mantle, Insignia",1172696
1320023,T20M,"Mantle, Cloak",1171856
3330022,T19M,"Insignia, Bracers",1171846
3310022,T20M,"Insignia, Cloak",1171623
3330021,T20M,"Mantle, Cloak",1171029
2310023,T19M,"Mantle, Cloak",1170633
2330021,T19M2+T20M2,"Mantle, Bracers",1170557
1330022,T19M2+T20M2,"Insignia, Bracers",1170363
3330022,T19M2+T20M2,"Bracers, Cloak",1170273
1310023,T19M2+T20M2,"Insignia, Bracers",1170052
1320021,T19M2+T20M2,"Mantle, Cloak",1170037
1310022,T20M,"Insignia, Cloak",1170004
2330023,T20M,"Insignia, Bracers",1169619
3330022,T19M,"Mantle, Cloak",1169612
1330022,T19M2+T20M2,"Mantle, Cloak",1169544
1330021,T19M2+T20M2,"Mantle, Cloak",1169305
2330021,T20M,"Mantle, Cloak",1169258
3320022,T19M2+T20M2,"Insignia, Bracers",1169242
1320023,T20M,"Mantle, Insignia",1169001
3320022,T19M2+T20M2,"Mantle, Insignia",1168675
3330032,T20M,"Mantle, Bracers",1168636
1330023,T19M,"Mantle, Bracers",1168265
2310021,T19M2+T20M2,"Insignia, Bracers",1168226
2310022,T20M,"Insignia, Cloak",1167714
2310023,T20M,"Bracers, Cloak",1167434
2330022,T19M,"Mantle, Cloak",1166709
2320021,T20M,"Mantle, Bracers",1166376
3310023,T20M,"Insignia, Cloak",1166207
2310021,T20M,"Bracers, Cloak",1166166
3330022,T19M2+T20M2,"Mantle, Cloak",1166055
2320021,T20M,"Mantle, Insignia",1165817
1320021,T19M2+T20M2,"Mantle, Insignia",1165533
1330022,T20M,"Bracers, Cloak",1165485
3320023,T20M,"Bracers, Cloak",1165278
2310023,T19M2+T20M2,"Insignia, Bracers",1164987
3310023,T19M,"Insignia, Bracers",1164693
1320022,T19M2+T20M2,"Mantle, Insignia",1164625
2310021,T19M4+T20M2,"Insignia, Bracers",1164249
1310022,T19M,"Insignia, Bracers",1164120
2310021,T20M,"Insignia, Cloak",1163526
2330023,T19M2+T20M2,"Mantle, Insignia",1163482
2310021,T19M,"Mantle, Insignia",1163348
2330022,T19M2+T20M2,"Mantle, Cloak",1163175
3310021,T19M2+T20M2,"Bracers, Cloak",1162910
1310021,T19M2+T20M2,"Insignia, Cloak",1162856
2330022,T19M2+T20M2,"Insignia, Bracers",1162171
1330023,T19M4+T20M2,"Insignia, Bracers",1162122
3310033,T20M,"Mantle, Bracers",1161664
2320022,T19M2+T20M2,"Mantle, Insignia",1161500
1320021,T19M2+T20M2,"Mantle, Bracers",1161475
2310021,T19M,"Mantle, Cloak",1161071
1310021,T19M2+T20M2,"Bracers, Cloak",1160593
3310021,T20M,"Insignia, Cloak",1160312
1320023,T19M2+T20M4,"Insignia, Bracers",1160048
1330023,T19M,"Mantle, Insignia",1159929
3320022,T19M2+T20M2,"Mantle, Cloak",1159419
1310023,T20M,"Insignia, Cloak",1159388
3330033,T20M,"Mantle, Bracers",1159369
2330021,T19M2+T20M2,"Mantle, Insignia",1158985
1320022,T19M4+T20M2,"Insignia, Bracers",1158947
2310022,T19M,"Insignia, Bracers",1158845
1320022,T19M2+T20M2,"Mantle, Cloak",1158596
2310021,T19M,"Mantle, Bracers",1158578
3330023,T19M2+T20M2,"Bracers, Cloak",1158224
1320022,T20M,"Insignia, Bracers",1158180
3330021,T20M,"Bracers, Cloak",1156892
2330023,T20M,"Mantle, Cloak",1156515
1330023,T19M2+T20M2,"Insignia, Bracers",1156273
1330021,T19M2+T20M2,"Insignia, Bracers",1156199
2320023,T20M,"Mantle, Cloak",1155539
3320023,T19M4+T20M2,"Insignia, Bracers",1155454
2320022,T19M2+T20M2,"Mantle, Cloak",1155376
2330021,T20M,"Insignia, Bracers",1155312
3320022,T19M,"Insignia, Bracers",1155202
2310022,T19M2+T20M2,"Bracers, Cloak",1155108
1330021,T20M,"Bracers, Cloak",1154922
1310022,T19M,"Insignia, Cloak",1154782
3330022,T19M,"Bracers, Cloak",1154478
2330022,T20M,"Bracers, Cloak",1154367
3320021,T20M,"Insignia, Bracers",1154304
2330023,T19M,"Mantle, Bracers",1154111
2320023,T20M,"Mantle, Insignia",1153857
2320021,T19M2+T20M4,"Insignia, Bracers",1153756
1330023,T20M,"Bracers, Cloak",1153423
3310021,T19M,"Mantle, Cloak",1153235
1330022,T20M,"Insignia, Cloak",1153177
2320022,T19M4+T20M2,"Insignia, Bracers",1152855
3330032,T19M2+T20M4,"Insignia, Bracers",1152118
3320022,T19M,"Bracers, Cloak",1151796
3310023,T19M,"Bracers, Cloak",1151771
2320023,T19M2+T20M4,"Insignia, Bracers",1151660
1310022,T19M,"Bracers, Cloak",1151315
3330021,T19M2+T20M2,"Insignia, Bracers",1151299
1310022,T19M2+T20M2,"Bracers, Cloak",1151130
2320022,T20M,"Insignia, Bracers",1150752
1330023,T19M2+T20M2,"Mantle, Cloak",1150419
1330021,T19M4+T20M2,"Insignia, Bracers",1150398
3330021,T19M2+T20M2,"Mantle, Insignia",1150317
3310032,T20M,"Mantle, Bracers",1150017
3330032,T19M,"Mantle, Bracers",1149434
3330033,T19M2+T20M4,"Insignia, Bracers",1149171
1320023,T19M2+T20M2,"Mantle, Bracers",1148811
2320021,T19M2+T20M2,"Mantle, Cloak",1148602
3310021,T19M,"Mantle, Insignia",1147991
3320022,T19M2+T20M2,"Bracers, Cloak",1147779
1320023,T19M,"Mantle, Cloak",1147694
3320021,T19M2+T20M2,"Mantle, Cloak",1147644
3320021,T20M,"Bracers, Cloak",1147586
3320023,T19M2+T20M2,"Mantle, Insignia",1147182
1330022,T19M,"Insignia, Bracers",1147045
1330021,T19M,"Mantle, Insignia",1146613
1330021,T19M,"Mantle, Bracers",1146611
2330023,T19M4+T20M2,"Insignia, Bracers",1146594
1330021,T20M,"Insignia, Cloak",1146110
3330021,T19M4+T20M2,"Insignia, Bracers",1145463
1310023,T19M2+T20M2,"Bracers, Cloak",1145360
2320023,T19M2+T20M2,"Mantle, Bracers",1145329
3330023,T19M2+T20M2,"Mantle, Cloak",1145327
3320023,T19M2+T20M2,"Insignia, Bracers",1145215
2310023,T20M,"Insignia, Cloak",1145175
1320021,T20M,"Insignia, Bracers",1144631
3310033,T19M2+T20M4,"Insignia, Bracers",1144492
2320021,T19M2+T20M2,"Mantle, Bracers",1144489
2330023,T19M2+T20M2,"Insignia, Bracers",1144350
2310022,T19M,"Bracers, Cloak",1144306
1320021,T20M,"Insignia, Cloak",1143701
3320021,T19M2+T20M2,"Mantle, Insignia",1143577
3310032,T19M,"Mantle, Bracers",1143535
3330022,T20M,"Insignia, Cloak",1143436
3330032,T19M2+T20M2,"Mantle, Bracers",1142870
3310022,T19M,"Insignia, Cloak",1142832
2310023,T19M2+T20M2,"Bracers, Cloak",1142786
2310021,T19M2+T20M2,"Bracers, Cloak",1142758
2320021,T19M2+T20M2,"Mantle, Insignia",1142750
2310022,T19M,"Insignia, Cloak",1142257
1310022,T19M2+T20M2,"Insignia, Cloak",1142206
3320023,T19M2+T20M2,"Mantle, Cloak",1141784
1320021,T19M,"Mantle, Cloak",1141640
1320022,T20M,"Bracers, Cloak",1141489
1320021,T20M,"Bracers, Cloak",1141450
2330021,T19M2+T20M2,"Mantle, Cloak",1141382
2330023,T19M,"Mantle, Insignia",1140926
3330021,T19M,"Mantle, Bracers",1140196
2330022,T20M,"Insignia, Cloak",1139636
1320023,T19M2+T20M2,"Mantle, Cloak",1139584
3310022,T19M2+T20M2,"Insignia, Cloak",1139578
2310022,T19M2+T20M2,"Insignia, Cloak",1138994
1320023,T19M2+T20M2,"Mantle, Insignia",1138980
3330021,T19M2+T20M2,"Mantle, Cloak",1138689
2320022,T20M,"Bracers, Cloak",1138528
2330023,T20M,"Bracers, Cloak",1138277
1330023,T19M,"Mantle, Cloak",1138193
2310021,T19M2+T20M2,"Insignia, Cloak",1137572
3320023,T19M,"Mantle, Cloak",1137512
3310033,T19M2+T20M2,"Mantle, Bracers",1137248
1310021,T19M,"Insignia, Bracers",1137235
1310023,T19M,"Insignia, Bracers",1137115
3330032,T19M4+T20M2,"Insignia, Bracers",1137027
3330033,T19M2+T20M2,"Mantle, Bracers",1136686
1320023,T19M,"Mantle, Bracers",1135867
1320023,T19M,"Mantle, Insignia",1135511
3330023,T19M,"Insignia, Bracers",1135501
3330023,T19M,"Mantle, Insignia",1134983
1330022,T19M2+T20M2,"Bracers, Cloak",1134118
2330021,T19M2+T20M2,"Insignia, Bracers",1134084
3310021,T19M2+T20M2,"Insignia, Cloak",1133841
3310023,T19M2+T20M2,"Insignia, Cloak",1133682
2330023,T19M2+T20M2,"Mantle, Cloak",1133534
2320023,T19M,"Mantle, Cloak",1133137
1320022,T20M,"Insignia, Cloak",1132844
3320023,T19M2+T20M2,"Bracers, Cloak",1131790
1330023,T20M,"Insignia, Cloak",1131439
1330021,T19M,"Mantle, Cloak",1130983
2320023,T19M2+T20M2,"Mantle, Insignia",1130444
2330022,T19M,"Insignia, Bracers",1130412
3310032,T19M2+T20M2,"Mantle, Bracers",1130195
3330021,T19M2+T20M2,"Bracers, Cloak",1130009
1320021,T19M,"Mantle, Insignia",1130006
1310023,T19M2+T20M2,"Insignia, Cloak",1129987
1320023,T20M,"Insignia, Bracers",1129940
3320021,T19M,"Mantle, Bracers",1129805
3310033,T20M,"Mantle, Insignia",1129802
2320023,T19M,"Mantle, Bracers",1129784
3310032,T19M2+T20M4,"Insignia, Bracers",1128632
3310033,T19M,"Mantle, Bracers",1128519
3330023,T20M,"Insignia, Cloak",1128339
3310021,T19M,"Insignia, Bracers",1128049
1320023,T20M,"Bracers, Cloak",1127736
2310023,T19M,"Insignia, Bracers",1127708
2330021,T20M,"Bracers, Cloak",1127681
3320023,T19M,"Mantle, Insignia",1127147
2330022,T19M2+T20M2,"Bracers, Cloak",1126818
1330021,T19M2+T20M2,"Bracers, Cloak",1126663
3320021,T19M2+T20M2,"Insignia, Bracers",1126539
2320023,T19M2+T20M2,"Mantle, Cloak",1126486
3330032,T20M,"Insignia, Bracers",1126400
3320022,T20M,"Insignia, Cloak",1126299
2330021,T19M4+T20M2,"Insignia, Bracers",1126269
1330022,T19M,"Bracers, Cloak",1126130
1320022,T19M2+T20M2,"Insignia, Bracers",1124653
1310021,T19M,"Insignia, Cloak",1124558
1330032,T20M,"Mantle, Bracers",1124137
2320022,T19M2+T20M2,"Insignia, Bracers",1123981
1320022,T19M,"Insignia, Cloak",1123248
3310032,T19M4+T20M2,"Insignia, Bracers",1123207
3310013,T20M,"Mantle, Bracers",1122930
1330023,T19M2+T20M2,"Bracers, Cloak",1122822
2320022,T20M,"Insignia, Cloak",1122569
1330033,T20M,"Mantle, Bracers",1122564
2320023,T20M,"Insignia, Bracers",1122523
1320021,T19M,"Mantle, Bracers",1122496
3320021,T19M4+T20M2,"Insignia, Bracers",1122408
3330033,T20M,"Mantle, Insignia",1122221
1330031,T20M,"Mantle, Insignia",1122186
2320021,T20M,"Bracers, Cloak",1122143
3330031,T20M,"Mantle, Bracers",1121748
1320021,T19M2+T20M2,"Insignia, Bracers",1121581
1330022,T19M,"Insignia, Cloak",1121290
3330033,T20M,"Insignia, Bracers",1121182
3330032,T20M,"Mantle, Insignia",1121096
3330023,T19M,"Mantle, Cloak",1121067
2320021,T20M,"Insignia, Bracers",1120878
1310023,T19M,"Insignia, Cloak",1120794
2330021,T19M,"Mantle, Bracers",1120632
2330032,T20M,"Mantle, Bracers",1120554
1330022,T19M2+T20M2,"Insignia, Cloak",1120326
2310023,T19M2+T20M2,"Insignia, Cloak",1120282
3330013,T20M,"Mantle, Bracers",1120201
3310032,T19M,"Mantle, Insignia",1120138
3310013,T19M2+T20M4,"Insignia, Bracers",1120082
1310023,T19M,"Bracers, Cloak",1119927
1320022,T19M,"Bracers, Cloak",1119786
1330032,T19M,"Mantle, Insignia",1119621
1330032,T20M,"Mantle, Insignia",1119266
2320023,T19M,"Mantle, Insignia",1118991
3320021,T20M,"Insignia, Cloak",1118812
1320021,T19M4+T20M2,"Insignia, Bracers",1118611
2330021,T19M,"Mantle, Insignia",1118530
1310021,T19M,"Bracers, Cloak",1118298
3330031,T19M2+T20M4,"Insignia, Bracers",1118195
1320022,T19M,"Insignia, Bracers",1117661
2320023,T20M,"Bracers, Cloak",1117579
1310033,T20M,"Mantle, Insignia",1117522
3330013,T19M2+T20M4,"Insignia, Bracers",1117411
2320021,T19M,"Mantle, Cloak",1117330
1330023,T19M,"Insignia, Bracers",1117297
2310032,T19M,"Mantle, Insignia",1117270
2330023,T19M,"Mantle, Cloak",1117057
2320021,T20M,"Insignia, Cloak",1116823
3310033,T20M,"Insignia, Bracers",1116810
1320023,T19M4+T20M2,"Insignia, Bracers",1116770
3310033,T19M4+T20M2,"Insignia, Bracers",1116482
2310033,T20M,"Mantle, Insignia",1116210
2310033,T20M,"Mantle, Bracers",1115952
3320021,T19M2+T20M2,"Bracers, Cloak",1115903
1330033,T20M,"Mantle, Insignia",1115635
1330021,T19M2+T20M2,"Insignia, Cloak",1115451
1330033,T19M2+T20M4,"Insignia, Bracers",1115019
3330021,T20M,"Insignia, Cloak",1114950
3330033,T19M,"Mantle, Bracers",1114552
1310032,T19M,"Mantle, Insignia",1114472
1310033,T20M,"Mantle, Bracers",1113948
3330023,T19M,"Bracers, Cloak",1113856
3320023,T20M,"Insignia, Cloak",1113758
2330021,T20M,"Insignia, Cloak",1113701
3310032,T19M,"Mantle, Cloak",1112979
3330033,T19M4+T20M2,"Insignia, Bracers",1112837
1320023,T20M,"Insignia, Cloak",1112726
2330032,T20M,"Mantle, Insignia",1112498
2330033,T20M,"Mantle, Bracers",1112397
3330032,T19M,"Mantle, Insignia",1112325
3320023,T19M,"Insignia, Bracers",1112295
3310012,T20M,"Mantle, Bracers",1112158
3320032,T19M,"Mantle, Bracers",1111878
2330032,T19M2+T20M4,"Insignia, Bracers",1111873
2310021,T19M,"Insignia, Bracers",1111639
3310033,T20M,"Mantle, Cloak",1111514
1330032,T19M2+T20M4,"Insignia, Bracers",1111473
2330022,T19M,"Bracers, Cloak",1111344
2330023,T19M2+T20M2,"Bracers, Cloak",1111115
3310021,T19M,"Bracers, Cloak",1110804
2320022,T19M,"Bracers, Cloak",1110792
2310032,T20M,"Mantle, Bracers",1110592
3320023,T19M,"Bracers, Cloak",1110289
1320021,T19M2+T20M2,"Insignia, Cloak",1110249
2330023,T20M,"Insignia, Cloak",1110247
1320021,T19M2+T20M2,"Bracers, Cloak",1110246
2320023,T19M4+T20M2,"Insignia, Bracers",1110173
2310023,T19M,"Bracers, Cloak",1110115
2310032,T19M,"Mantle, Cloak",1109919
3320021,T19M,"Mantle, Cloak",1109662
3330022,T19M2+T20M2,"Insignia, Cloak",1109500
2330033,T19M2+T20M4,"Insignia, Bracers",1109206
3310012,T19M,"Mantle, Bracers",1109133
1330032,T19M,"Mantle, Bracers",1109056
1330031,T19M2+T20M4,"Insignia, Bracers",1108896
3310032,T20M,"Mantle, Insignia",1108244
3310033,T19M2+T20M2,"Mantle, Insignia",1108103
2330022,T19M2+T20M2,"Insignia, Cloak",1106908
3310023,T19M,"Insignia, Cloak",1106832
1310032,T19M,"Mantle, Cloak",1106692
1330031,T20M,"Mantle, Bracers",1106620
2320022,T19M2+T20M2,"Bracers, Cloak",1106573
2330032,T19M,"Mantle, Insignia",1106374
1320022,T19M2+T20M2,"Bracers, Cloak",1106343
2330031,T20M,"Mantle, Insignia",1106339
2310033,T19M2+T20M4,"Insignia, Bracers",1105898
3330031,T20M,"Mantle, Insignia",1105844
2320021,T19M,"Mantle, Insignia",1105837
3320033,T20M,"Mantle, Bracers",1105806
2320022,T19M,"Insignia, Cloak",1105515
1330023,T19M2+T20M2,"Insignia, Cloak",1105146
2320022,T19M,"Insignia, Bracers",1105065
1330021,T19M,"Insignia, Bracers",1104778
2310023,T19M,"Insignia, Cloak",1104512
3320032,T20M,"Mantle, Bracers",1104512
3310032,T20M,"Insignia, Bracers",1104492
2330021,T19M2+T20M2,"Bracers, Cloak",1104392
3330031,T19M2+T20M2,"Mantle, Bracers",1104344
2310032,T19M,"Mantle, Bracers",1104124
2310032,T20M,"Mantle, Insignia",1104107
3310031,T20M,"Mantle, Bracers",1103846
2330032,T19M,"Mantle, Bracers",1103570
3330012,T20M,"Mantle, Bracers",1103434
1310033,T19M2+T20M4,"Insignia, Bracers",1103402
2330033,T20M,"Mantle, Insignia",1103389
3310033,T19M,"Mantle, Insignia",1103229
1310033,T19M,"Mantle, Insignia",1103149
1330031,T19M2+T20M2,"Mantle, Insignia",1102976
1330032,T19M,"Mantle, Cloak",1102673
1330033,T19M2+T20M2,"Mantle, Bracers",1102573
2330021,T19M,"Mantle, Cloak",1102433
1310031,T20M,"Mantle, Insignia",1102186
3310013,T19M2+T20M2,"Mantle, Bracers",1102021
1310032,T20M,"Mantle, Insignia",1101887
2330023,T19M,"Insignia, Bracers",1101324
2320021,T19M2+T20M2,"Insignia, Bracers",1101265
2310033,T19M2+T20M2,"Mantle, Bracers",1101209
3330012,T19M,"Mantle, Bracers",1101186
3320022,T19M,"Insignia, Cloak",1101142
2320021,T19M,"Mantle, Bracers",1100998
1320023,T19M2+T20M2,"Insignia, Bracers",1100490
1310032,T20M,"Mantle, Bracers",1100474
2330032,T19M2+T20M2,"Mantle, Bracers",1100300
1330032,T19M2+T20M2,"Mantle, Bracers",1100222
1310031,T20M,"Mantle, Cloak",1100010
3330032,T19M2+T20M2,"Insignia, Bracers",1099787
3330011,T19M2+T20M4,"Insignia, Bracers",1099391
1310033,T20M,"Mantle, Cloak",1099325
3310031,T19M2+T20M4,"Insignia, Bracers",1098757
3310012,T19M2+T20M4,"Insignia, Bracers",1098722
3320021,T19M,"Mantle, Insignia",1098639
2320021,T19M4+T20M2,"Insignia, Bracers",1098259
2330022,T19M,"Insignia, Cloak",1098108
3330033,T19M2+T20M2,"Insignia, Bracers",1098085
2310033,T19M2+T20M2,"Mantle, Insignia",1098061
3310011,T19M2+T20M4,"Insignia, Bracers",1098052
3330021,T19M,"Mantle, Insignia",1097767
1310011,T20M,"Mantle, Insignia",1097715
3330023,T19M2+T20M2,"Insignia, Cloak",1097527
2310033,T20M,"Mantle, Cloak",1097447
2320023,T19M2+T20M2,"Insignia, Bracers",1097368
1310032,T19M,"Mantle, Bracers",1097216
1310033,T19M2+T20M2,"Mantle, Insignia",1097170
3310033,T19M,"Mantle, Cloak",1097064
2310033,T19M,"Mantle, Insignia",1097056
3330032,T19M,"Mantle, Cloak",1096980
1330032,T19M4+T20M2,"Insignia, Bracers",1096964
1330031,T20M,"Mantle, Cloak",1096728
2310021,T19M,"Insignia, Cloak",1096690
1320022,T19M2+T20M2,"Insignia, Cloak",1096614
3330033,T19M2+T20M2,"Mantle, Insignia",1096471
1330033,T19M2+T20M2,"Mantle, Insignia",1095878
3330013,T19M2+T20M2,"Mantle, Bracers",1095810
1330032,T19M2+T20M2,"Mantle, Insignia",1095670
3330033,T20M,"Bracers, Cloak",1095668
3330012,T19M2+T20M4,"Insignia, Bracers",1095571
2330031,T19M2+T20M4,"Insignia, Bracers",1095370
3330022,T19M,"Insignia, Cloak",1095256
1310033,T19M2+T20M2,"Mantle, Bracers",1095178
2330031,T20M,"Mantle, Bracers",1095069
3310033,T19M2+T20M2,"Insignia, Bracers",1095023
2310032,T19M2+T20M2,"Mantle, Bracers",1094940
1330023,T19M,"Bracers, Cloak",1094759
2320023,T20M,"Insignia, Cloak",1094749
3310013,T20M,"Mantle, Insignia",1094592
1320023,T19M2+T20M2,"Bracers, Cloak",1094583
1310033,T19M,"Mantle, Cloak",1094371
2310021,T19M,"Bracers, Cloak",1094326
3330012,T19M4+T20M2,"Insignia, Bracers",1094284
2330033,T19M2+T20M2,"Mantle, Bracers",1094268
3310011,T20M,"Mantle, Bracers",1094252
3310012,T19M4+T20M2,"Insignia, Bracers",1094203
2320021,T19M2+T20M2,"Bracers, Cloak",1094115
3330032,T19M2+T20M2,"Mantle, Insignia",1093984
3310033,T20M,"Bracers, Cloak",1093669
3310013,T20M,"Insignia, Bracers",1093514
3330031,T20M,"Insignia, Bracers",1093506
2310031,T20M,"Mantle, Insignia",1093343
2330032,T19M4+T20M2,"Insignia, Bracers",1093230
3330032,T19M,"Insignia, Bracers",1092991
3330033,T20M,"Mantle, Cloak",1092903
1330033,T19M,"Mantle, Insignia",1092762
1310021,T19M2+T20M4,None,1092638
3330011,T20M,"Mantle, Bracers",1092509
3310013,T19M4+T20M2,"Insignia, Bracers",1092205
3330021,T19M,"Insignia, Bracers",1091956
1330011,T20M,"Mantle, Insignia",1091693
3330032,T20M,"Bracers, Cloak",1091619
3320022,T19M2+T20M2,"Insignia, Cloak",1091611
3310013,T19M,"Mantle, Bracers",1091545
3310031,T20M,"Mantle, Insignia",1091518
2310032,T19M2+T20M4,"Insignia, Bracers",1091446
2330032,T19M2+T20M2,"Mantle, Insignia",1091060
2330021,T19M2+T20M2,"Insignia, Cloak",1090790
1330033,T20M,"Mantle, Cloak",1090740
2310031,T20M,"Mantle, Cloak",1090679
3310012,T19M2+T20M2,"Mantle, Bracers",1090677
2320022,T19M2+T20M2,"Insignia, Cloak",1090480
1330031,T19M2+T20M2,"Mantle, Bracers",1090298
3330032,T20M,"Mantle, Cloak",1090238
3310031,T19M2+T20M2,"Mantle, Bracers",1090048
1310033,T19M,"Mantle, Bracers",1090016
2330032,T19M,"Mantle, Cloak",1089858
3330013,T20M,"Insignia, Bracers",1089765
2310033,T19M,"Mantle, Bracers",1089750
3310031,T20M,"Mantle, Cloak",1089228
3320032,T19M,"Mantle, Cloak",1089178
2310011,T20M,"Mantle, Insignia",1088550
2310033,T19M,"Mantle, Cloak",1088415
1330033,T19M,"Mantle, Bracers",1088404
1330033,T20M,"Insignia, Bracers",1088006
3310032,T19M2+T20M2,"Mantle, Insignia",1087860
2330031,T19M2+T20M2,"Mantle, Insignia",1087854
3330013,T19M4+T20M2,"Insignia, Bracers",1087836
1330032,T20M,"Mantle, Cloak",1087692
3330021,T19M,"Mantle, Cloak",1087497
2310032,T19M2+T20M2,"Mantle, Insignia",1087437
2320021,T19M2+T20M2,"Insignia, Cloak",1087331
3320032,T19M4+T20M2,"Insignia, Bracers",1087164
1310011,T19M2+T20M4,"Insignia, Bracers",1086685
3310032,T19M,"Insignia, Bracers",1086534
3310033,T19M2+T20M2,"Mantle, Cloak",1086531
3330021,T19M2+T20M2,"Insignia, Cloak",1086400
1330032,T20M,"Insignia, Bracers",1086101
3330013,T19M,"Mantle, Bracers",1086044
2310013,T20M,"Mantle, Bracers",1085995
3320033,T19M2+T20M4,"Insignia, Bracers",1085937
2330033,T19M2+T20M2,"Mantle, Insignia",1085849
1310031,T20M,"Mantle, Bracers",1085756
3330031,T19M2+T20M2,"Mantle, Insignia",1085550
1330011,T19M2+T20M4,"Insignia, Bracers",1085373
2330023,T19M2+T20M2,"Insignia, Cloak",1085236
2310013,T19M2+T20M4,"Insignia, Bracers",1085051
2310032,T19M4+T20M2,"Insignia, Bracers",1084989
3310012,T19M,"Mantle, Insignia",1084983
3310032,T20M,"Mantle, Cloak",1084864
3320021,T19M2+T20M2,"Insignia, Cloak",1084793
3310011,T20M,"Mantle, Insignia",1084771
3330031,T20M,"Mantle, Cloak",1084252
2310012,T19M,"Mantle, Insignia",1084231
2310013,T20M,"Mantle, Insignia",1083635
1310031,T19M2+T20M2,"Mantle, Insignia",1083574
1310031,T19M2+T20M4,"Insignia, Bracers",1083390
3310021,T19M,"Insignia, Cloak",1083336
1330023,T19M,"Insignia, Cloak",1083282
1310032,T19M2+T20M4,"Insignia, Bracers",1082963
3320032,T19M,"Mantle, Insignia",1082958
3310032,T19M2+T20M2,"Insignia, Bracers",1082948
2310031,T20M,"Mantle, Bracers",1082936
1330033,T19M4+T20M2,"Insignia, Bracers",1082714
2330031,T20M,"Mantle, Cloak",1082713
2330031,T19M2+T20M2,"Mantle, Bracers",1082580
3320032,T19M2+T20M2,"Mantle, Bracers",1082576
1320023,T19M,"Insignia, Cloak",1082325
1320032,T19M,"Mantle, Cloak",1082103
2310011,T19M2+T20M4,"Insignia, Bracers",1082076
3320033,T19M,"Mantle, Bracers",1082021
3330012,T19M2+T20M2,"Mantle, Bracers",1081945
1320023,T19M,"Bracers, Cloak",1081893
3320033,T19M2+T20M2,"Mantle, Bracers",1081804
3320023,T19M2+T20M2,"Insignia, Cloak",1081432
2330032,T20M,"Mantle, Cloak",1081376
1310011,T19M2+T20M2,"Mantle, Insignia",1081349
3330013,T20M,"Mantle, Insignia",1081319
2330032,T20M,"Insignia, Bracers",1081299
1330031,T20M,"Insignia, Bracers",1081289
1310013,T20M,"Mantle, Insignia",1080805
1330021,T19M,"Bracers, Cloak",1080799
1310031,T19M2+T20M2,"Mantle, Cloak",1080740
2320032,T19M,"Mantle, Cloak",1080565
2310032,T20M,"Mantle, Cloak",1080542
2310031,T19M2+T20M2,"Mantle, Insignia",1080420
1320023,T19M,"Insignia, Bracers",1080014
2330021,T19M,"Insignia, Bracers",1079907
3330033,T19M,"Mantle, Insignia",1079878
1330013,T19M2+T20M4,"Insignia, Bracers",1079830
2310031,T19M2+T20M4,"Insignia, Bracers",1079789
2310033,T19M4+T20M2,"Insignia, Bracers",1079711
1310032,T19M2+T20M2,"Mantle, Bracers",1079609
1310033,T19M4+T20M2,"Insignia, Bracers",1079549
3320032,T19M2+T20M4,"Insignia, Bracers",1079293
2310033,T19M2+T20M2,"Mantle, Cloak",1079166
1310012,T19M,"Mantle, Insignia",1079108
1330031,T19M,"Mantle, Insignia",1078982
1310013,T20M,"Mantle, Bracers",1078830
1320023,T19M2+T20M2,"Insignia, Cloak",1078699
3330031,T19M4+T20M2,"Insignia, Bracers",1078629
2330013,T19M2+T20M4,"Insignia, Bracers",1078376
1320021,T19M,"Insignia, Cloak",1078137
3310011,T19M2+T20M2,"Mantle, Bracers",1077979
1330031,T19M2+T20M2,"Mantle, Cloak",1077697
1310032,T19M2+T20M2,"Mantle, Insignia",1077398
1310011,T20M,"Mantle, Cloak",1077222
1310033,T19M2+T20M2,"Mantle, Cloak",1077217
2330033,T20M,"Insignia, Bracers",1077104
1320032,T19M,"Mantle, Insignia",1077077
1330013,T20M,"Mantle, Insignia",1077042
1310031,T19M,"Mantle, Cloak",1077016
2330033,T20M,"Mantle, Cloak",1076911
2330011,T20M,"Mantle, Insignia",1076885
3330011,T19M2+T20M2,"Mantle, Bracers",1076758
1310013,T19M2+T20M4,"Insignia, Bracers",1076675
2310033,T20M,"Insignia, Bracers",1076647
1310032,T19M4+T20M2,"Insignia, Bracers",1076625
1310032,T20M,"Mantle, Cloak",1076229
1310033,T20M,"Insignia, Bracers",1076185
1330021,T19M,"Insignia, Cloak",1075962
2330011,T19M2+T20M4,"Insignia, Bracers",1075801
2330023,T19M,"Bracers, Cloak",1075757
1330013,T20M,"Mantle, Bracers",1075574
3330011,T20M,"Mantle, Insignia",1075454
1330011,T19M2+T20M2,"Mantle, Insignia",1075363
2330033,T19M,"Mantle, Bracers",1075010
3320012,T19M,"Mantle, Bracers",1074934
2330033,T19M4+T20M2,"Insignia, Bracers",1074905
3330021,T19M,"Bracers, Cloak",1074905
1330011,T20M,"Mantle, Bracers",1074861
3320013,T20M,"Mantle, Bracers",1074612
2310011,T19M2+T20M2,"Mantle, Insignia",1074518
1320021,T19M,"Insignia, Bracers",1074456
1310011,T20M,"Mantle, Bracers",1074264
2330013,T20M,"Mantle, Bracers",1073964
2330033,T19M,"Mantle, Insignia",1073957
3320033,T20M,"Mantle, Insignia",1073936
2310031,T19M2+T20M2,"Mantle, Cloak",1073531
3310013,T19M,"Mantle, Insignia",1073505
3310013,T19M2+T20M2,"Mantle, Insignia",1073441
3330031,T19M2+T20M2,"Insignia, Bracers",1073350
3330012,T19M,"Mantle, Insignia",1073307
3310011,T20M,"Insignia, Bracers",1073296
3330033,T19M2+T20M2,"Bracers, Cloak",1073223
3310031,T19M2+T20M2,"Mantle, Insignia",1073068
3330031,T19M,"Mantle, Bracers",1072810
2310012,T20M,"Mantle, Bracers",1072779
2310011,T20M,"Mantle, Bracers",1072763
3310013,T20M,"Mantle, Cloak",1072703
3310012,T20M,"Insignia, Bracers",1072613
3320021,T19M,"Insignia, Bracers",1072597
2310021,T19M2+T20M4,None,1072560
3310012,T19M,"Mantle, Cloak",1072466
3330012,T20M,"Insignia, Bracers",1072406
1330012,T19M,"Mantle, Insignia",1072305
3310033,T19M,"Insignia, Bracers",1072029
3330032,T19M,"Bracers, Cloak",1071999
1330031,T19M4+T20M2,"Insignia, Bracers",1071759
2320023,T19M,"Bracers, Cloak",1071642
2310012,T19M,"Mantle, Bracers",1071591
1310031,T19M2+T20M2,"Mantle, Bracers",1071291
1320021,T19M,"Bracers, Cloak",1071287
2310011,T20M,"Mantle, Cloak",1071247
2310012,T19M,"Mantle, Cloak",1071186
3310032,T20M,"Bracers, Cloak",1071178
1330033,T19M,"Mantle, Cloak",1071057
3320021,T19M,"Bracers, Cloak",1070983
2320032,T19M,"Mantle, Insignia",1070972
3310012,T20M,"Mantle, Insignia",1070595
1310031,T19M,"Mantle, Insignia",1070263
3310013,T19M2+T20M2,"Insignia, Bracers",1070178
3330033,T19M2+T20M2,"Mantle, Cloak",1070169
3330011,T20M,"Insignia, Bracers",1070158
1310013,T19M,"Mantle, Insignia",1070113
3310031,T19M2+T20M2,"Mantle, Cloak",1069973
3310033,T19M2+T20M2,"Bracers, Cloak",1069332
3330033,T19M,"Insignia, Bracers",1069161
3310023,T19M2+T20M4,None,1069077
3310031,T20M,"Insignia, Bracers",1068966
2310031,T19M2+T20M2,"Mantle, Bracers",1068639
2320023,T19M2+T20M2,"Insignia, Cloak",1068628
3310011,T19M2+T20M2,"Mantle, Insignia",1068607
2310013,T19M2+T20M2,"Mantle, Bracers",1068486
3310021,T19M2+T20M4,None,1068379
2330012,T19M,"Mantle, Insignia",1068275
1330033,T19M2+T20M2,"Mantle, Cloak",1068096
3310032,T19M,"Bracers, Cloak",1067889
3330013,T19M2+T20M2,"Insignia, Bracers",1067799
3330032,T19M2+T20M2,"Bracers, Cloak",1067769
2310013,T19M,"Mantle, Insignia",1067632
3310011,T20M,"Mantle, Cloak",1067333
3330032,T19M2+T20M2,"Mantle, Cloak",1067239
2330013,T20M,"Mantle, Insignia",1067072
2310012,T20M,"Mantle, Insignia",1066870
1330032,T19M2+T20M2,"Mantle, Cloak",1066621
3310031,T19M4+T20M2,"Insignia, Bracers",1066619
2320023,T19M,"Insignia, Bracers",1066492
1330031,T19M,"Mantle, Bracers",1066181
2310013,T19M2+T20M2,"Mantle, Insignia",1066104
2330031,T20M,"Insignia, Bracers",1066069
1330021,T19M2+T20M4,None,1065959
3310032,T19M2+T20M2,"Mantle, Cloak",1065838
1330031,T19M2+T20M2,"Insignia, Bracers",1065702
2310032,T19M2+T20M2,"Mantle, Cloak",1065680
2310032,T20M,"Insignia, Bracers",1065669
3320031,T20M,"Mantle, Bracers",1065621
1310021,T20M,None,1065579
3310013,T20M,"Bracers, Cloak",1065579
1310012,T19M,"Mantle, Cloak",1065548
2330011,T20M,"Mantle, Bracers",1065371
3320033,T20M,"Mantle, Cloak",1065274
3320012,T20M,"Mantle, Bracers",1064973
3330033,T19M,"Mantle, Cloak",1064962
3320033,T19M4+T20M2,"Insignia, Bracers",1064819
3320013,T19M2+T20M4,"Insignia, Bracers",1064705
1330033,T19M2+T20M2,"Insignia, Bracers",1064629
3320032,T20M,"Mantle, Insignia",1064215
1310023,T19M2+T20M4,None,1064191
2320032,T19M,"Mantle, Bracers",1064157
3310022,T19M2+T20M4,None,1064064
2330023,T19M,"Insignia, Cloak",1064048
3310013,T19M,"Mantle, Cloak",1063985
3310011,T19M4+T20M2,"Insignia, Bracers",1063938
1320031,T20M,"Mantle, Cloak",1063830
2330031,T19M2+T20M2,"Mantle, Cloak",1063426
2320032,T20M,"Mantle, Bracers",1063379
2310013,T20M,"Mantle, Cloak",1062790
2320023,T19M,"Insignia, Cloak",1062743
1310011,T19M,"Mantle, Insignia",1062712
1330031,T19M,"Mantle, Cloak",1062708
3330031,T19M2+T20M2,"Mantle, Cloak",1062630
3320023,T19M,"Insignia, Cloak",1062564
1310022,T19M4+T20M2,None,1062544
3330011,T19M4+T20M2,"Insignia, Bracers",1062260
3330031,T20M,"Bracers, Cloak",1062224
3320033,T20M,"Insignia, Bracers",1062189
3310031,T19M,"Mantle, Bracers",1061921
1330011,T20M,"Mantle, Cloak",1061905
2330012,T20M,"Mantle, Bracers",1061899
2330032,T19M2+T20M2,"Mantle, Cloak",1061891
2330011,T19M2+T20M2,"Mantle, Insignia",1061503
1330033,T20M,"Bracers, Cloak",1061428
2310012,T19M2+T20M4,"Insignia, Bracers",1061275
1330011,T20M,"Insignia, Bracers",1061228
3310031,T19M,"Mantle, Cloak",1060905
1320033,T19M,"Mantle, Cloak",1060815
1330031,T20M,"Insignia, Cloak",1060657
1320032,T19M,"Mantle, Bracers",1060562
1330012,T20M,"Mantle, Bracers",1060456
1310022,T19M2+T20M4,None,1060424
1310012,T20M,"Mantle, Bracers",1060120
2330033,T19M2+T20M2,"Mantle, Cloak",1060110
1310013,T20M,"Mantle, Cloak",1060109
3310033,T20M,"Insignia, Cloak",1060098
3330012,T20M,"Mantle, Insignia",1060058
3320032,T20M,"Insignia, Bracers",1060007
1310011,T19M2+T20M2,"Mantle, Cloak",1060001
1330032,T19M2+T20M2,"Insignia, Bracers",1059939
1310011,T19M2+T20M2,"Mantle, Bracers",1059924
2330032,T19M2+T20M2,"Insignia, Bracers",1059904
2310022,T19M2+T20M4,None,1059834
1330011,T19M2+T20M2,"Mantle, Bracers",1059815
1330032,T19M,"Insignia, Bracers",1059723
1310012,T20M,"Mantle, Insignia",1059669
3330023,T19M,"Insignia, Cloak",1059627
1310011,T20M,"Insignia, Bracers",1059421
2320033,T20M,"Mantle, Bracers",1059339
2310031,T19M,"Mantle, Cloak",1059240
3310022,T19M4+T20M2,None,1059240
2310011,T19M2+T20M2,"Mantle, Bracers",1059216
1310013,T19M2+T20M2,"Mantle, Insignia",1059173
2330012,T19M,"Mantle, Bracers",1059170
3320033,T19M,"Mantle, Cloak",1059001
1310012,T19M,"Mantle, Bracers",1058980
1320033,T20M,"Mantle, Insignia",1058681
3310012,T19M,"Insignia, Bracers",1058610
1310032,T20M,"Insignia, Bracers",1058555
3330013,T20M,"Bracers, Cloak",1058534
1320033,T20M,"Mantle, Bracers",1058479
3320012,T19M4+T20M2,"Insignia, Bracers",1058446
3310033,T19M,"Bracers, Cloak",1058014
2310013,T19M4+T20M2,"Insignia, Bracers",1057970
1330012,T19M,"Mantle, Bracers",1057943
3310011,T19M2+T20M2,"Insignia, Bracers",1057897
2330012,T19M2+T20M4,"Insignia, Bracers",1057696
2310013,T19M,"Mantle, Bracers",1057633
3330013,T19M2+T20M2,"Mantle, Insignia",1057607
3330011,T19M2+T20M2,"Mantle, Insignia",1057509
2330033,T19M2+T20M2,"Insignia, Bracers",1057449
2330012,T20M,"Mantle, Insignia",1057175
2310033,T19M2+T20M2,"Insignia, Bracers",1057126
2310012,T19M2+T20M2,"Mantle, Bracers",1057047
1310013,T19M,"Mantle, Cloak",1056986
3320031,T20M,"Mantle, Cloak",1056899
2310012,T19M4+T20M2,"Insignia, Bracers",1056666
1330013,T19M,"Mantle, Insignia",1056563
1310011,T19M,"Mantle, Cloak",1056560
1310013,T19M2+T20M2,"Mantle, Bracers",1056507
2310023,T19M2+T20M4,None,1056324
1330013,T19M2+T20M2,"Mantle, Bracers",1056057
2330013,T19M2+T20M2,"Mantle, Bracers",1055938
2310031,T19M,"Mantle, Insignia",1055935
1330013,T19M4+T20M2,"Insignia, Bracers",1055852
2310022,T19M4+T20M2,None,1055838
1330012,T20M,"Mantle, Insignia",1055811
1320033,T20M,"Mantle, Cloak",1055810
3330011,T19M2+T20M2,"Insignia, Bracers",1055730
2310033,T20M,"Bracers, Cloak",1055557
1310033,T19M2+T20M2,"Insignia, Bracers",1055510
2330031,T19M4+T20M2,"Insignia, Bracers",1055496
3330012,T19M,"Insignia, Bracers",1055237
1310032,T19M2+T20M2,"Mantle, Cloak",1055017
1310033,T20M,"Bracers, Cloak",1054767
2330021,T19M,"Bracers, Cloak",1054691
2310013,T19M,"Mantle, Cloak",1054636
1320032,T20M,"Mantle, Bracers",1054596
1310013,T19M,"Mantle, Bracers",1054565
2310013,T20M,"Insignia, Bracers",1054497
1310033,T20M,"Insignia, Cloak",1054420
1330033,T20M,"Insignia, Cloak",1054380
3330033,T20M,"Insignia, Cloak",1054092
1320032,T20M,"Mantle, Insignia",1054001
1310011,T19M4+T20M2,"Insignia, Bracers",1054000
2320032,T20M,"Mantle, Insignia",1053936
2330031,T19M,"Mantle, Insignia",1053787
1330013,T19M2+T20M2,"Mantle, Insignia",1053740
1330011,T19M,"Mantle, Insignia",1053573
3310032,T19M2+T20M2,"Bracers, Cloak",1053570
2320033,T20M,"Mantle, Insignia",1053488
3330013,T19M,"Mantle, Insignia",1053479
1330011,T19M4+T20M2,"Insignia, Bracers",1053145
2330033,T19M,"Mantle, Cloak",1053018
2330012,T19M4+T20M2,"Insignia, Bracers",1052911
3310031,T19M,"Mantle, Insignia",1052689
1330013,T20M,"Insignia, Bracers",1052612
3310012,T19M2+T20M2,"Insignia, Bracers",1052582
2310011,T19M2+T20M2,"Mantle, Cloak",1052564
1330022,T19M2+T20M4,None,1052477
1310031,T19M4+T20M2,"Insignia, Bracers",1052474
3320033,T19M,"Mantle, Insignia",1052088
1310013,T19M4+T20M2,"Insignia, Bracers",1051984
2330011,T19M2+T20M2,"Mantle, Bracers",1051946
3330031,T19M,"Mantle, Insignia",1051940
1330032,T20M,"Bracers, Cloak",1051720
3310013,T19M,"Insignia, Bracers",1051611
3320013,T19M,"Mantle, Bracers",1051533
1310031,T20M,"Insignia, Bracers",1051436
3310013,T19M2+T20M2,"Mantle, Cloak",1051376
3320032,T19M,"Insignia, Bracers",1051255
2330021,T19M,"Insignia, Cloak",1051188
2320021,T19M,"Insignia, Bracers",1051187
1330013,T19M,"Mantle, Bracers",1051151
3330012,T19M,"Mantle, Cloak",1051148
2330013,T19M4+T20M2,"Insignia, Bracers",1051103
2310011,T20M,"Insignia, Bracers",1051103
3330013,T20M,"Mantle, Cloak",1051049
2320021,T19M,"Insignia, Cloak",1050908
1310013,T20M,"Insignia, Bracers",1050900
2330011,T20M,"Mantle, Cloak",1050743
2310033,T20M,"Insignia, Cloak",1050731
3330012,T19M2+T20M2,"Insignia, Bracers",1050621
3310031,T19M2+T20M2,"Insignia, Bracers",1050592
1330012,T19M,"Mantle, Cloak",1050393
1330012,T19M4+T20M2,"Insignia, Bracers",1050279
2320021,T19M,"Bracers, Cloak",1050264
1330012,T19M2+T20M4,"Insignia, Bracers",1050165
3320031,T19M2+T20M4,"Insignia, Bracers",1050139
3310011,T19M,"Mantle, Bracers",1050045
2310012,T19M2+T20M2,"Mantle, Insignia",1049911
3320033,T20M,"Bracers, Cloak",1049903
1310032,T19M,"Insignia, Cloak",1049840
2320033,T19M,"Mantle, Cloak",1049834
2330032,T20M,"Bracers, Cloak",1049830
2330013,T19M2+T20M2,"Mantle, Insignia",1049759
2330032,T19M,"Insignia, Bracers",1049575
2330031,T19M2+T20M2,"Insignia, Bracers",1049569
1330032,T19M,"Insignia, Cloak",1049245
2330033,T20M,"Bracers, Cloak",1049181
3330022,T19M2+T20M4,None,1049068
3310032,T19M,"Insignia, Cloak",1049058
3330011,T20M,"Mantle, Cloak",1048926
2320031,T20M,"Mantle, Cloak",1048805
2320033,T20M,"Mantle, Cloak",1048723
3310012,T19M2+T20M2,"Mantle, Insignia",1048707
1330031,T20M,"Bracers, Cloak",1048559
2310011,T19M,"Mantle, Insignia",1048535
1330032,T20M,"Insignia, Cloak",1048483
1320033,T19M,"Mantle, Insignia",1048425
1310031,T19M,"Mantle, Bracers",1048357
3320011,T20M,"Mantle, Bracers",1048316
3320012,T19M,"Mantle, Insignia",1048276
1310012,T19M2+T20M4,"Insignia, Bracers",1047973
3320032,T20M,"Mantle, Cloak",1047913
2330012,T19M,"Mantle, Cloak",1047777
3320012,T19M2+T20M4,"Insignia, Bracers",1047762
3320011,T19M2+T20M4,"Insignia, Bracers",1047724
3320013,T19M2+T20M2,"Mantle, Bracers",1047507
3320012,T19M,"Mantle, Cloak",1047246
2330011,T20M,"Insignia, Bracers",1047025
1320031,T20M,"Mantle, Insignia",1046901
3320031,T20M,"Mantle, Insignia",1046901
3330033,T19M,"Bracers, Cloak",1046873
1310031,T20M,"Insignia, Cloak",1046830
3330013,T19M,"Insignia, Bracers",1046783
2310032,T19M2+T20M2,"Insignia, Bracers",1046657
3310013,T19M2+T20M2,"Bracers, Cloak",1046393
2310011,T19M4+T20M2,"Insignia, Bracers",1046328
1330023,T19M2+T20M4,None,1046255
3330011,T19M,"Mantle, Bracers",1046201
2330013,T20M,"Insignia, Bracers",1046154
2310031,T19M4+T20M2,"Insignia, Bracers",1046130
3310011,T19M,"Mantle, Insignia",1046102
3310011,T19M2+T20M2,"Mantle, Cloak",1046102
2330013,T19M,"Mantle, Insignia",1046100
1310021,T19M4+T20M2,None,1045977
2330031,T19M,"Mantle, Bracers",1045970
1310012,T19M4+T20M2,"Insignia, Bracers",1045827
1330011,T19M2+T20M2,"Mantle, Cloak",1045794
2310013,T19M2+T20M2,"Mantle, Cloak",1045701
3320031,T19M2+T20M2,"Mantle, Bracers",1045692
3330032,T20M,"Insignia, Cloak",1045688
2330022,T19M2+T20M4,None,1045640
2330013,T19M,"Mantle, Bracers",1045445
3320033,T19M2+T20M2,"Mantle, Insignia",1045386
1330011,T19M2+T20M2,"Insignia, Bracers",1045147
2310031,T20M,"Insignia, Bracers",1044956
1310011,T19M2+T20M2,"Insignia, Bracers",1044623
3330023,T19M2+T20M4,None,1044596
2310032,T19M,"Insignia, Cloak",1044365
3320013,T19M4+T20M2,"Insignia, Bracers",1043963
1330013,T20M,"Mantle, Cloak",1043915
1330033,T19M,"Insignia, Bracers",1043825
3330031,T20M,"Insignia, Cloak",1043787
1310011,T20M,"Insignia, Cloak",1043736
1310021,T19M2+T20M2,None,1043732
2310011,T19M,"Mantle, Cloak",1043696
2330012,T19M2+T20M2,"Mantle, Bracers",1043238
1330022,T19M4+T20M2,None,1043211
3310031,T20M,"Bracers, Cloak",1043128
3310021,T20M,None,1042947
2320032,T19M4+T20M2,"Insignia, Bracers",1042874
2330031,T20M,"Insignia, Cloak",1042762
2320032,T19M2+T20M2,"Mantle, Bracers",1042576
1320012,T19M,"Mantle, Insignia",1042463
3310023,T20M,None,1042455
2310032,T19M,"Insignia, Bracers",1042396
3320012,T19M2+T20M2,"Mantle, Bracers",1042261
1310032,T19M,"Insignia, Bracers",1042197
2320012,T19M,"Mantle, Insignia",1042155
3310012,T20M,"Mantle, Cloak",1042100
1320011,T20M,"Mantle, Insignia",1042086
2320032,T20M,"Mantle, Cloak",1041994
2320012,T19M,"Mantle, Cloak",1041980
3330031,T19M2+T20M2,"Bracers, Cloak",1041850
2310012,T20M,"Mantle, Cloak",1041730
3320032,T19M,"Bracers, Cloak",1041712
3320011,T20M,"Mantle, Insignia",1041545
1310033,T19M,"Insignia, Cloak",1041513
3310011,T20M,"Bracers, Cloak",1041449
2320033,T19M2+T20M4,"Insignia, Bracers",1041401
2310021,T20M,None,1041318
2330021,T19M2+T20M4,None,1041274
3330021,T19M2+T20M4,None,1041262
2310031,T19M,"Mantle, Bracers",1041189
1320031,T19M,"Mantle, Cloak",1041057
3310022,T20M,None,1040998
3320013,T20M,"Insignia, Bracers",1040718
1310033,T19M,"Insignia, Bracers",1040692
1310012,T19M2+T20M2,"Mantle, Insignia",1040566
2330032,T20M,"Insignia, Cloak",1040534
2320033,T19M2+T20M2,"Mantle, Bracers",1040409
3310011,T19M,"Mantle, Cloak",1040105
2310011,T19M2+T20M2,"Insignia, Bracers",1040054
1310032,T19M2+T20M2,"Insignia, Bracers",1040027
1330031,T19M2+T20M2,"Insignia, Cloak",1039979
1310012,T19M2+T20M2,"Mantle, Bracers",1039927
1320012,T19M,"Mantle, Cloak",1039893
1320033,T19M2+T20M4,"Insignia, Bracers",1039791
2320032,T19M2+T20M4,"Insignia, Bracers",1039787
3320033,T19M2+T20M2,"Mantle, Cloak",1039593
2330011,T19M4+T20M2,"Insignia, Bracers",1039586
3320032,T19M2+T20M2,"Mantle, Insignia",1039447
3320021,T19M,"Insignia, Cloak",1039359
3320033,T19M2+T20M2,"Insignia, Bracers",1039245
1320032,T20M,"Mantle, Cloak",1039103
3330031,T19M,"Mantle, Cloak",1039075
1320011,T20M,"Mantle, Cloak",1039049
1320033,T19M,"Mantle, Bracers",1038763
1330032,T19M,"Bracers, Cloak",1038717
2310033,T19M2+T20M2,"Bracers, Cloak",1038532
2320033,T19M,"Mantle, Insignia",1038515
3310033,T19M2+T20M2,"Insignia, Cloak",1038478
3310012,T20M,"Bracers, Cloak",1038353
1310022,T20M,None,1038293
1330011,T19M,"Mantle, Bracers",1038292
2310033,T19M,"Insignia, Bracers",1038279
1310023,T19M4+T20M2,None,1038278
1320032,T19M4+T20M2,"Insignia, Bracers",1038275
2310013,T19M2+T20M2,"Insignia, Bracers",1038207
2320031,T20M,"Mantle, Insignia",1038097
1310011,T19M,"Mantle, Bracers",1038082
1330012,T19M2+T20M2,"Mantle, Bracers",1038072
1310023,T20M,None,1038060
2330012,T19M2+T20M2,"Mantle, Insignia",1037978
1310013,T19M2+T20M2,"Mantle, Cloak",1037835
3330032,T19M,"Insignia, Cloak",1037714
1320031,T20M,"Mantle, Bracers",1037673
1330011,T19M,"Mantle, Cloak",1037574
1330013,T19M,"Mantle, Cloak",1037371
3320013,T20M,"Mantle, Insignia",1037361
2330033,T20M,"Insignia, Cloak",1037326
2310032,T20M,"Bracers, Cloak",1037256
1330021,T20M,None,1036690
1330033,T19M2+T20M2,"Bracers, Cloak",1036643
3330012,T19M2+T20M2,"Mantle, Insignia",1036558
1310031,T19M2+T20M2,"Insignia, Bracers",1036538
1320031,T19M2+T20M2,"Mantle, Cloak",1036245
2330031,T19M,"Mantle, Cloak",1036233
3310033,T19M,"Insignia, Cloak",1036185
1330011,T20M,"Insignia, Cloak",1036137
3320032,T20M,"Bracers, Cloak",1035954
2310012,T20M,"Insignia, Bracers",1035708
3320032,T19M2+T20M2,"Insignia, Bracers",1035626
3310032,T20M,"Insignia, Cloak",1035618
3310023,T19M4+T20M2,None,1035550
1320033,T19M2+T20M2,"Mantle, Bracers",1035437
2310031,T20M,"Insignia, Cloak",1035351
3330013,T19M2+T20M2,"Bracers, Cloak",1035246
3330011,T20M,"Bracers, Cloak",1035184
2310022,T20M,None,1035062
3310013,T19M,"Bracers, Cloak",1035032
1330012,T19M2+T20M2,"Mantle, Insignia",1035020
2330013,T20M,"Mantle, Cloak",1034904
3310013,T20M,"Insignia, Cloak",1034869
2310011,T20M,"Insignia, Cloak",1034797
2320033,T19M,"Mantle, Bracers",1034775
1320033,T19M2+T20M2,"Mantle, Insignia",1034430
2330031,T20M,"Bracers, Cloak",1034086
1310012,T20M,"Mantle, Cloak",1033956
3310012,T19M,"Bracers, Cloak",1033793
2330011,T19M2+T20M2,"Mantle, Cloak",1033602
1310033,T19M2+T20M2,"Bracers, Cloak",1033354
1330013,T19M2+T20M2,"Insignia, Bracers",1033209
3320011,T20M,"Mantle, Cloak",1033140
2310032,T20M,"Insignia, Cloak",1032983
2320033,T19M2+T20M2,"Mantle, Insignia",1032950
3330011,T19M2+T20M2,"Mantle, Cloak",1032576
3330013,T19M,"Mantle, Cloak",1032543
1320021,T19M2+T20M4,None,1032501
2330011,T19M2+T20M2,"Insignia, Bracers",1032443
3320011,T19M2+T20M2,"Mantle, Bracers",1032220
3310031,T20M,"Insignia, Cloak",1032206
3320031,T19M2+T20M2,"Mantle, Cloak",1032113
2310031,T19M2+T20M2,"Insignia, Bracers",1032080
2330032,T19M,"Insignia, Cloak",1031966
2310033,T19M2+T20M2,"Insignia, Cloak",1031751
2320032,T19M2+T20M2,"Mantle, Insignia",1031659
2330013,T19M2+T20M2,"Insignia, Bracers",1031614
3330021,T19M,"Insignia, Cloak",1031329
3330031,T19M,"Insignia, Bracers",1031245
3330011,T19M,"Mantle, Insignia",1031163
2320012,T19M,"Mantle, Bracers",1030930
2330012,T20M,"Insignia, Bracers",1030856
2330033,T19M2+T20M2,"Bracers, Cloak",1030795
1310032,T20M,"Insignia, Cloak",1030772
2330011,T19M,"Mantle, Insignia",1030728
1320032,T19M2+T20M4,"Insignia, Bracers",1030694
1320032,T19M2+T20M2,"Mantle, Bracers",1030416
2320011,T20M,"Mantle, Insignia",1030363
1310033,T19M2+T20M2,"Insignia, Cloak",1030290
3330033,T19M2+T20M2,"Insignia, Cloak",1030289
3310011,T20M,"Insignia, Cloak",1030142
3330012,T20M,"Bracers, Cloak",1030127
2330032,T19M2+T20M2,"Bracers, Cloak",1029994
2310033,T19M,"Insignia, Cloak",1029925
1330032,T19M2+T20M2,"Bracers, Cloak",1029851
1330022,T20M,None,1029611
3320011,T20M,"Insignia, Bracers",1029556
1330033,T19M2+T20M2,"Insignia, Cloak",1029495
3320013,T20M,"Mantle, Cloak",1029483
1330031,T19M,"Insignia, Bracers",1029385
1310031,T20M,"Bracers, Cloak",1029341
2320011,T20M,"Mantle, Cloak",1029339
1310032,T20M,"Bracers, Cloak",1029282
1310013,T19M2+T20M2,"Insignia, Bracers",1029272
3320013,T19M,"Mantle, Cloak",1029261
1320033,T19M2+T20M2,"Mantle, Cloak",1029221
1310022,T19M,None,1029219
3320031,T19M,"Mantle, Bracers",1029208
3320031,T19M,"Mantle, Cloak",1029173
2330023,T19M2+T20M4,None,1029043
2310011,T19M,"Mantle, Bracers",1029021
1310011,T20M,"Bracers, Cloak",1028982
1320032,T19M2+T20M2,"Mantle, Insignia",1028776
1330031,T19M2+T20M2,"Bracers, Cloak",1028767
3330022,T19M4+T20M2,None,1028696
2330033,T19M,"Insignia, Bracers",1028586
1330012,T20M,"Insignia, Bracers",1028553
2310032,T19M,"Bracers, Cloak",1028536
3330012,T19M,"Bracers, Cloak",1028465
3320012,T20M,"Insignia, Bracers",1028440
2330032,T19M,"Bracers, Cloak",1028434
3330013,T19M2+T20M2,"Mantle, Cloak",1028327
2310013,T20M,"Bracers, Cloak",1027981
2330022,T19M4+T20M2,None,1027948
2320033,T19M2+T20M2,"Mantle, Cloak",1027868
1310032,T19M,"Bracers, Cloak",1027865
1310033,T19M,"Bracers, Cloak",1027673
1310012,T20M,"Insignia, Bracers",1027588
2320031,T19M2+T20M2,"Mantle, Cloak",1027510
1320031,T19M2+T20M2,"Mantle, Insignia",1027010
3310031,T19M2+T20M2,"Bracers, Cloak",1026708
2320031,T20M,"Mantle, Bracers",1026529
2320013,T20M,"Mantle, Bracers",1026386
1310013,T20M,"Insignia, Cloak",1026002
2310023,T19M4+T20M2,None,1025909
2310023,T20M,None,1025754
2310021,T19M4+T20M2,None,1025675
2310013,T20M,"Insignia, Cloak",1025662
3320033,T19M,"Insignia, Bracers",1025435
1310011,T19M2+T20M2,"Insignia, Cloak",1025311
2320012,T20M,"Mantle, Bracers",1025218
2310012,T19M2+T20M2,"Mantle, Cloak",1025119
3320031,T19M2+T20M2,"Mantle, Insignia",1025117
1330033,T19M,"Insignia, Cloak",1024973
2330013,T19M,"Mantle, Cloak",1024917
1320013,T19M,"Mantle, Cloak",1024804
3330022,T20M,None,1024533
1310031,T19M2+T20M2,"Insignia, Cloak",1024499
3320032,T19M2+T20M2,"Mantle, Cloak",1024457
3320033,T19M,"Bracers, Cloak",1024309
3320013,T19M,"Mantle, Insignia",1024308
1320011,T19M2+T20M4,"Insignia, Bracers",1024294
3310011,T19M2+T20M2,"Bracers, Cloak",1024259
1320031,T19M2+T20M4,"Insignia, Bracers",1024242
3320013,T20M,"Bracers, Cloak",1024116
3310012,T19M2+T20M2,"Mantle, Cloak",1024070
1310013,T20M,"Bracers, Cloak",1023882
3330012,T20M,"Mantle, Cloak",1023866
1320033,T19M4+T20M2,"Insignia, Bracers",1023636
2310033,T19M,"Bracers, Cloak",1023591
3320033,T19M2+T20M2,"Bracers, Cloak",1023495
1320011,T19M,"Mantle, Cloak",1023435
2310021,T19M2+T20M2,None,1023331
1320012,T19M,"Mantle, Bracers",1022906
3320012,T19M,"Insignia, Bracers",1022862
3320031,T19M4+T20M2,"Insignia, Bracers",1022842
1330013,T19M2+T20M2,"Mantle, Cloak",1022798
1320032,T19M,"Insignia, Cloak",1022784
1330032,T19M2+T20M2,"Insignia, Cloak",1022754
3330031,T19M2+T20M2,"Insignia, Cloak",1022695
3330013,T19M,"Bracers, Cloak",1022611
2330031,T19M2+T20M2,"Insignia, Cloak",1022597
3320012,T20M,"Mantle, Insignia",1022390
2330011,T20M,"Insignia, Cloak",1022387
3310011,T19M,"Insignia, Bracers",1022257
2310031,T20M,"Bracers, Cloak",1022158
1320011,T20M,"Mantle, Bracers",1022052
2320033,T19M4+T20M2,"Insignia, Bracers",1021908
1320011,T19M2+T20M2,"Mantle, Insignia",1021812
1330033,T19M,"Bracers, Cloak",1021555
3320011,T19M4+T20M2,"Insignia, Bracers",1021553
1320013,T20M,"Mantle, Bracers",1021434
3330032,T19M2+T20M2,"Insignia, Cloak",1021358
3320031,T20M,"Insignia, Bracers",1021354
1320031,T19M,"Mantle, Insignia",1021219
2320031,T19M,"Mantle, Cloak",1021033
3330023,T20M,None,1020975
3330011,T20M,"Insignia, Cloak",1020782
3310021,T19M2+T20M2,None,1020727
1320013,T20M,"Mantle, Insignia",1020720
2320013,T19M,"Mantle, Cloak",1020266
2310011,T20M,"Bracers, Cloak",1020222
2320031,T19M2+T20M2,"Mantle, Insignia",1020063
2320013,T19M2+T20M4,"Insignia, Bracers",1019979
2320013,T20M,"Mantle, Insignia",1019969
3310012,T19M2+T20M2,"Bracers, Cloak",1019945
1330011,T20M,"Bracers, Cloak",1019944
3320022,T19M4+T20M2,None,1019925
2310012,T19M2+T20M2,"Insignia, Bracers",1019907
2320011,T19M2+T20M4,"Insignia, Bracers",1019816
3330011,T19M2+T20M2,"Bracers, Cloak",1019782
1330023,T20M,None,1019672
3330013,T20M,"Insignia, Cloak",1019606
3320011,T19M2+T20M2,"Mantle, Insignia",1019536
2330011,T19M,"Mantle, Bracers",1019425
1320022,T19M4+T20M2,None,1019420
3320021,T19M2+T20M4,None,1019360
2330013,T19M2+T20M2,"Mantle, Cloak",1019223
2320031,T19M2+T20M4,"Insignia, Bracers",1019182
3320032,T19M,"Insignia, Cloak",1019121
3310021,T19M4+T20M2,None,1018983
1330013,T20M,"Bracers, Cloak",1018906
2310032,T19M2+T20M2,"Bracers, Cloak",1018864
2330031,T19M2+T20M2,"Bracers, Cloak",1018857
1330012,T20M,"Mantle, Cloak",1018785
3310012,T19M,"Insignia, Cloak",1018696
3310023,T19M2+T20M2,None,1018677
2330032,T19M2+T20M2,"Insignia, Cloak",1018247
1320031,T19M2+T20M2,"Mantle, Bracers",1018246
1330011,T19M2+T20M2,"Insignia, Cloak",1018192
1310012,T19M,"Insignia, Cloak",1018178
3310022,T19M,None,1018175
2310031,T19M2+T20M2,"Insignia, Cloak",1018068
2310011,T19M2+T20M2,"Insignia, Cloak",1018022
2330012,T20M,"Mantle, Cloak",1017938
2320013,T20M,"Mantle, Cloak",1017841
1320033,T20M,"Insignia, Bracers",1017448
3320011,T19M,"Mantle, Bracers",1017372
2310012,T19M,"Insignia, Cloak",1017097
1330013,T20M,"Insignia, Cloak",1017042
3320022,T19M2+T20M4,None,1016832
2330022,T20M,None,1016614
2310013,T19M,"Insignia, Bracers",1016551
2310012,T19M,"Insignia, Bracers",1016514
1320013,T20M,"Mantle, Cloak",1016497
2320032,T19M2+T20M2,"Mantle, Cloak",1016487
1330013,T19M,"Insignia, Bracers",1016476
1310031,T19M,"Insignia, Cloak",1016271
3320031,T19M,"Mantle, Insignia",1016261
3310022,T19M2+T20M2,None,1016237
1310023,T19M2+T20M2,None,1016171
3310031,T19M,"Insignia, Bracers",1016167
1320032,T19M2+T20M2,"Mantle, Cloak",1016071
1310013,T19M,"Insignia, Bracers",1016054
3310013,T19M,"Insignia, Cloak",1016032
2320012,T20M,"Mantle, Insignia",1015909
2310022,T19M,None,1015858
2330033,T19M2+T20M2,"Insignia, Cloak",1015820
1320011,T19M2+T20M2,"Mantle, Cloak",1015812
2320032,T20M,"Insignia, Bracers",1015782
1330031,T19M,"Insignia, Cloak",1015773
3330011,T19M,"Insignia, Bracers",1015764
2320033,T20M,"Insignia, Bracers",1015732
1320013,T19M,"Mantle, Insignia",1015649
3320013,T19M2+T20M2,"Mantle, Insignia",1015373
3330011,T19M,"Mantle, Cloak",1015288
1330012,T19M,"Insignia, Bracers",1015271
2320012,T19M4+T20M2,"Insignia, Bracers",1015181
1310013,T19M,"Insignia, Cloak",1015037
1310011,T19M,"Insignia, Cloak",1014879
3320033,T20M,"Insignia, Cloak",1014847
2320011,T20M,"Mantle, Bracers",1014819
2330011,T19M,"Mantle, Cloak",1014810
3320013,T19M2+T20M2,"Insignia, Bracers",1014755
1330021,T19M2+T20M2,None,1014638
2330013,T20M,"Bracers, Cloak",1014613
3310031,T19M2+T20M2,"Insignia, Cloak",1014056
1310022,T19M2+T20M2,None,1014043
1320022,T19M2+T20M4,None,1014024
1320032,T20M,"Insignia, Bracers",1013949
3310013,T19M2+T20M2,"Insignia, Cloak",1013684
3320023,T19M2+T20M4,None,1013619
3310032,T19M2+T20M2,"Insignia, Cloak",1013576
1320013,T19M2+T20M4,"Insignia, Bracers",1013502
2320032,T19M,"Insignia, Cloak",1013413
1310011,T19M,"Insignia, Bracers",1013388
1320012,T20M,"Mantle, Bracers",1013373
3310011,T19M2+T20M2,"Insignia, Cloak",1013223
1320011,T19M,"Mantle, Insignia",1013104
3320031,T20M,"Bracers, Cloak",1013039
2310013,T19M2+T20M2,"Bracers, Cloak",1012864
2330011,T20M,"Bracers, Cloak",1012850
1330011,T19M,"Insignia, Bracers",1012846
3330033,T19M,"Insignia, Cloak",1012763
2320011,T19M2+T20M2,"Mantle, Insignia",1012609
2310032,T19M2+T20M2,"Insignia, Cloak",1012498
2330012,T19M2+T20M2,"Insignia, Bracers",1012408
2330012,T19M,"Insignia, Bracers",1012270
1310031,T19M2+T20M2,"Bracers, Cloak",1012206
2320031,T19M2+T20M2,"Mantle, Bracers",1012174
1320012,T20M,"Mantle, Insignia",1012144
3320011,T19M,"Mantle, Cloak",1011961
2310022,T19M2+T20M2,None,1011719
3320011,T19M2+T20M2,"Mantle, Cloak",1011651
1310012,T19M,"Insignia, Bracers",1011417
1310021,T19M,None,1011227
3330021,T20M,None,1011210
2320021,T19M2+T20M4,None,1010959
1310012,T19M2+T20M2,"Mantle, Cloak",1010796
1330021,T19M4+T20M2,None,1010615
2310013,T19M,"Insignia, Cloak",1010561
2320011,T19M,"Mantle, Cloak",1010029
3320032,T19M2+T20M2,"Bracers, Cloak",1009915
2320011,T19M2+T20M2,"Mantle, Cloak",1009603
2330021,T20M,None,1009600
3320012,T19M,"Bracers, Cloak",1009560
3330012,T19M2+T20M2,"Bracers, Cloak",1009477
1330012,T19M,"Insignia, Cloak",1009414
1310032,T19M2+T20M2,"Bracers, Cloak",1009284
1330012,T19M2+T20M2,"Insignia, Bracers",1009271
2320013,T19M,"Mantle, Insignia",1009075
2320012,T19M2+T20M4,"Insignia, Bracers",1008760
1320033,T20M,"Bracers, Cloak",1008628
1330023,T19M4+T20M2,None,1008562
2330013,T20M,"Insignia, Cloak",1008538
1320031,T20M,"Insignia, Cloak",1008410
2320013,T19M2+T20M2,"Mantle, Bracers",1008322
1320033,T20M,"Insignia, Cloak",1008213
1320021,T20M,None,1008132
2320022,T19M4+T20M2,None,1008077
1320032,T19M,"Insignia, Bracers",1007872
2320013,T19M,"Mantle, Bracers",1007722
3330031,T19M,"Bracers, Cloak",1007688
1310032,T19M2+T20M2,"Insignia, Cloak",1007560
3320012,T20M,"Mantle, Cloak",1007454
2320031,T19M,"Mantle, Insignia",1007403
2310031,T19M2+T20M2,"Bracers, Cloak",1007393
1310011,T19M2+T20M2,"Bracers, Cloak",1007228
2330013,T19M,"Insignia, Bracers",1007217
1330022,T19M,None,1007158
1310012,T19M2+T20M2,"Insignia, Bracers",1007143
2330033,T19M,"Insignia, Cloak",1007104
3320011,T19M2+T20M2,"Insignia, Bracers",1006857
2320033,T20M,"Bracers, Cloak",1006833
3320011,T20M,"Bracers, Cloak",1006741
2320022,T19M2+T20M4,None,1006734
1310031,T19M,"Insignia, Bracers",1006441
2330031,T19M,"Insignia, Bracers",1006368
1320011,T20M,"Insignia, Bracers",1006348
2330033,T19M,"Bracers, Cloak",1006329
3320012,T19M2+T20M2,"Insignia, Bracers",1006239
1320011,T20M,"Insignia, Cloak",1006213
2310013,T19M2+T20M2,"Insignia, Cloak",1005904
3320013,T19M,"Insignia, Bracers",1005676
2320012,T19M2+T20M2,"Mantle, Bracers",1005599
1330011,T19M2+T20M2,"Bracers, Cloak",1005561
2310011,T19M2+T20M2,"Bracers, Cloak",1005358
2320032,T19M,"Insignia, Bracers",1005349
3320013,T19M2+T20M2,"Mantle, Cloak",1005218
1320012,T19M4+T20M2,"Insignia, Bracers",1005131
1320011,T19M2+T20M2,"Mantle, Bracers",1005042
2310023,T19M2+T20M2,None,1004983
1310023,T19M,None,1004919
2330011,T19M2+T20M2,"Insignia, Cloak",1004892
1320023,T19M2+T20M4,None,1004762
3320011,T19M,"Mantle, Insignia",1004750
3330011,T19M2+T20M2,"Insignia, Cloak",1004035
2310012,T20M,"Bracers, Cloak",1004024
1320013,T19M,"Mantle, Bracers",1003881
3330012,T19M,"Insignia, Cloak",1003723
1310013,T19M2+T20M2,"Insignia, Cloak",1003574
2320011,T19M2+T20M2,"Mantle, Bracers",1003471
2320013,T19M4+T20M2,"Insignia, Bracers",1003321
1330031,T19M,"Bracers, Cloak",1003211
3330012,T19M2+T20M2,"Mantle, Cloak",1003057
2330012,T19M2+T20M2,"Mantle, Cloak",1002933
3310031,T19M,"Bracers, Cloak",1002801
1320031,T19M4+T20M2,"Insignia, Bracers",1002798
1330022,T19M2+T20M2,None,1002778
1320032,T19M,"Bracers, Cloak",1002560
1310013,T19M2+T20M2,"Bracers, Cloak",1001890
1320033,T19M,"Insignia, Cloak",1001706
2320013,T19M2+T20M2,"Mantle, Insignia",1001547
3330023,T19M4+T20M2,None,1001484
3320013,T19M,"Bracers, Cloak",1001468
2320032,T19M,"Bracers, Cloak",1001467
2310011,T19M,"Insignia, Bracers",1001405
3320031,T19M2+T20M2,"Insignia, Bracers",1001175
1320031,T19M,"Mantle, Bracers",1001120
2330023,T20M,None,1001090
2330012,T19M,"Insignia, Cloak",1001063
2310013,T19M,"Bracers, Cloak",1000394
1320011,T19M4+T20M2,"Insignia, Bracers",1000391
3320012,T19M2+T20M2,"Mantle, Insignia",999897
1330012,T19M2+T20M2,"Mantle, Cloak",999879
2320012,T20M,"Mantle, Cloak",999799
1330013,T19M,"Insignia, Cloak",999797
3310012,T20M,"Insignia, Cloak",999795
2310011,T19M,"Insignia, Cloak",999730
2320033,T20M,"Insignia, Cloak",999414
1330011,T19M,"Insignia, Cloak",999378
2310031,T19M,"Insignia, Cloak",999106
3310011,T19M,"Bracers, Cloak",999010
3330022,T19M2+T20M2,None,998809
1320013,T19M2+T20M2,"Mantle, Bracers",998747
1320012,T19M2+T20M4,"Insignia, Bracers",998601
3330013,T19M2+T20M2,"Insignia, Cloak",998573
3320022,T20M,None,998467
1330013,T19M2+T20M2,"Bracers, Cloak",998279
1320013,T19M2+T20M2,"Mantle, Insignia",998232
2330013,T19M2+T20M2,"Bracers, Cloak",998087
1310013,T19M,"Bracers, Cloak",998047
2320032,T20M,"Bracers, Cloak",998003
2310012,T20M,"Insignia, Cloak",997821
2310012,T19M,"Bracers, Cloak",997752
3320031,T20M,"Insignia, Cloak",997546
3320021,T20M,None,997440
2320011,T19M,"Mantle, Insignia",997362
3320012,T20M,"Bracers, Cloak",997303
2320032,T19M2+T20M2,"Insignia, Bracers",997040
3320013,T19M2+T20M2,"Bracers, Cloak",996931
1330023,T19M2+T20M2,None,996888
1320013,T19M4+T20M2,"Insignia, Bracers",996807
1320012,T20M,"Mantle, Cloak",996618
1320022,T20M,None,996516
2330011,T19M2+T20M2,"Bracers, Cloak",996351
3320032,T20M,"Insignia, Cloak",996177
3320033,T19M,"Insignia, Cloak",996169
3310031,T19M,"Insignia, Cloak",996117
1320031,T20M,"Insignia, Bracers",995969
2320012,T19M2+T20M2,"Mantle, Insignia",995910
2310031,T19M,"Insignia, Bracers",995695
2320033,T19M2+T20M2,"Insignia, Bracers",995419
3310023,T19M,None,995410
2320013,T20M,"Insignia, Bracers",995324
1320033,T19M2+T20M2,"Insignia, Bracers",995206
2320011,T20M,"Insignia, Bracers",995035
1330013,T19M2+T20M2,"Insignia, Cloak",994938
1310012,T20M,"Insignia, Cloak",994353
1320032,T20M,"Insignia, Cloak",994306
1320032,T20M,"Bracers, Cloak",993952
2320031,T20M,"Insignia, Cloak",993524
3310011,T19M,"Insignia, Cloak",993409
1320013,T20M,"Insignia, Bracers",993060
1310012,T20M,"Bracers, Cloak",993059
3330013,T19M,"Insignia, Cloak",992831
3320011,T20M,"Insignia, Cloak",992569
1320011,T19M,"Mantle, Bracers",992442
2330023,T19M4+T20M2,None,992419
2320013,T19M2+T20M2,"Mantle, Cloak",992417
3330023,T19M2+T20M2,None,992382
1330013,T19M,"Bracers, Cloak",992361
1320013,T19M2+T20M2,"Mantle, Cloak",992359
1320012,T19M2+T20M2,"Mantle, Bracers",992221
1320031,T20M,"Bracers, Cloak",992206
2320023,T19M2+T20M4,None,992131
2320031,T19M,"Mantle, Bracers",991866
1310012,T19M,"Bracers, Cloak",991853
2320031,T19M4+T20M2,"Insignia, Bracers",991664
3330011,T19M,"Bracers, Cloak",991328
2330022,T19M2+T20M2,None,991312
1320032,T19M2+T20M2,"Insignia, Bracers",990983
2330011,T19M,"Insignia, Bracers",990780
1320033,T19M,"Bracers, Cloak",990678
2310023,T19M,None,990509
3330031,T19M,"Insignia, Cloak",990267
3320023,T20M,None,990218
2330012,T20M,"Bracers, Cloak",989998
2320011,T19M4+T20M2,"Insignia, Bracers",989917
2320011,T20M,"Insignia, Cloak",989705
3330012,T20M,"Insignia, Cloak",989702
2320032,T20M,"Insignia, Cloak",989620
3320013,T20M,"Insignia, Cloak",989570
1310011,T19M,"Bracers, Cloak",989522
1320033,T19M,"Insignia, Bracers",989476
2330021,T19M2+T20M2,None,989316
1320012,T19M2+T20M2,"Mantle, Insignia",989263
2320031,T20M,"Insignia, Bracers",989136
1310031,T19M,"Bracers, Cloak",989086
2330031,T19M,"Insignia, Cloak",989010
1320021,T19M4+T20M2,None,988966
3320012,T19M,"Insignia, Cloak",988827
1320022,T19M,None,988760
2320033,T19M2+T20M2,"Bracers, Cloak",988696
3320031,T19M2+T20M2,"Bracers, Cloak",988612
1320012,T19M,"Insignia, Cloak",988522
3320033,T19M2+T20M2,"Insignia, Cloak",988494
2320033,T19M,"Insignia, Cloak",988462
2310012,T19M2+T20M2,"Bracers, Cloak",988430
2330022,T19M,None,988336
2330013,T19M2+T20M2,"Insignia, Cloak",988333
1320011,T19M2+T20M2,"Insignia, Bracers",988192
3330022,T19M,None,988157
1330012,T19M,"Bracers, Cloak",987830
1320011,T20M,"Bracers, Cloak",987293
1330012,T20M,"Bracers, Cloak",987176
2310021,T19M,None,986945
1320021,T19M2+T20M2,None,986842
2330012,T19M,"Bracers, Cloak",986717
1330012,T20M,"Insignia, Cloak",986641
2320022,T20M,None,986520
2330021,T19M4+T20M2,None,986148
2330012,T20M,"Insignia, Cloak",986095
2320012,T20M,"Insignia, Bracers",986064
2320021,T20M,None,985892
3330021,T19M2+T20M2,None,985715
2330013,T19M,"Insignia, Cloak",985687
2320013,T20M,"Bracers, Cloak",985403
2320033,T19M,"Bracers, Cloak",985249
1320033,T19M2+T20M2,"Bracers, Cloak",985209
3320023,T19M4+T20M2,None,985049
3320011,T19M2+T20M2,"Bracers, Cloak",984596
2320033,T19M,"Insignia, Bracers",983630
2320031,T20M,"Bracers, Cloak",983453
2320012,T19M,"Insignia, Cloak",983370
1330011,T19M,"Bracers, Cloak",983304
2320011,T19M,"Mantle, Bracers",983023
2330013,T19M,"Bracers, Cloak",982578
2330031,T19M,"Bracers, Cloak",982123
1320033,T19M2+T20M2,"Insignia, Cloak",981675
1320031,T19M2+T20M2,"Insignia, Cloak",981658
1320023,T19M4+T20M2,None,981629
3320022,T19M,None,981257
2330023,T19M2+T20M2,None,981237
3320011,T19M,"Insignia, Bracers",981069
1320013,T20M,"Insignia, Cloak",981057
3330021,T19M4+T20M2,None,981023
1320011,T19M2+T20M2,"Insignia, Cloak",980818
1320012,T20M,"Insignia, Bracers",980805
1320023,T20M,None,980661
1320031,T19M,"Insignia, Cloak",980659
2320011,T19M2+T20M2,"Insignia, Bracers",980165
3320012,T19M2+T20M2,"Mantle, Cloak",980011
2320012,T19M,"Insignia, Bracers",979642
1320013,T19M,"Insignia, Cloak",979608
1320013,T20M,"Bracers, Cloak",979507
3310012,T19M2+T20M2,"Insignia, Cloak",979450
2310031,T19M,"Bracers, Cloak",979430
2320011,T20M,"Bracers, Cloak",979366
2330011,T19M,"Insignia, Cloak",979297
2310012,T19M2+T20M2,"Insignia, Cloak",979137
2320033,T19M2+T20M2,"Insignia, Cloak",978863
2310011,T19M,"Bracers, Cloak",978707
2320012,T19M2+T20M2,"Mantle, Cloak",978345
1320031,T19M2+T20M2,"Insignia, Bracers",978287
3320031,T19M,"Insignia, Bracers",978202
1320012,T19M,"Insignia, Bracers",977844
1330023,T19M,None,977805
3310021,T19M,None,977628
1320011,T19M,"Insignia, Cloak",976830
1330021,T19M,None,976778
2320032,T19M2+T20M2,"Bracers, Cloak",976483
3310033,T19M2+T20M4,None,976096
2320013,T19M2+T20M2,"Insignia, Bracers",975754
3320013,T19M,"Insignia, Cloak",975741
2320013,T20M,"Insignia, Cloak",975737
2330012,T19M2+T20M2,"Bracers, Cloak",974602
1330032,T19M4+T20M2,None,973916
3320031,T19M2+T20M2,"Insignia, Cloak",973817
3320031,T19M,"Bracers, Cloak",973560
3330033,T19M2+T20M4,None,973391
2320031,T19M2+T20M2,"Insignia, Bracers",973365
1330031,T19M2+T20M4,None,973323
2320022,T19M,None,973116
3320011,T19M2+T20M2,"Insignia, Cloak",973083
3330011,T19M,"Insignia, Cloak",972978
3320012,T19M2+T20M2,"Bracers, Cloak",972845
3330032,T19M4+T20M2,None,972826
3320021,T19M4+T20M2,None,972789
1310012,T19M2+T20M2,"Insignia, Cloak",972744
1310012,T19M2+T20M2,"Bracers, Cloak",972738
2320011,T19M2+T20M2,"Insignia, Cloak",972439
1330033,T19M2+T20M4,None,971607
1320012,T19M2+T20M2,"Mantle, Cloak",971502
3320022,T19M2+T20M2,None,971410
3320021,T19M2+T20M2,None,970961
3320032,T19M2+T20M2,"Insignia, Cloak",970941
3320011,T19M,"Bracers, Cloak",970441
3310033,T19M4+T20M2,None,970079
2320031,T19M2+T20M2,"Insignia, Cloak",969243
2320023,T19M4+T20M2,None,969164
3330012,T19M2+T20M2,"Insignia, Cloak",969107
2330012,T19M2+T20M2,"Insignia, Cloak",969040
2320013,T19M,"Insignia, Cloak",969000
2330011,T19M,"Bracers, Cloak",968585
1310031,T19M2+T20M4,None,968577
2320012,T19M,"Bracers, Cloak",968544
3310032,T19M4+T20M2,None,968529
1320013,T19M2+T20M2,"Insignia, Bracers",968217
2320021,T19M4+T20M2,None,968088
1330012,T19M2+T20M2,"Bracers, Cloak",967962
1320032,T19M2+T20M2,"Bracers, Cloak",967806
2320023,T20M,None,967746
1320032,T19M2+T20M2,"Insignia, Cloak",967718
1310033,T19M2+T20M4,None,967617
1320031,T19M2+T20M2,"Bracers, Cloak",967446
1320013,T19M,"Insignia, Bracers",967426
2320032,T19M2+T20M2,"Insignia, Cloak",967357
2310033,T19M2+T20M4,None,966363
1320012,T19M,"Bracers, Cloak",966238
2320012,T19M2+T20M2,"Insignia, Bracers",965973
2330032,T19M4+T20M2,None,965865
1330012,T19M2+T20M2,"Insignia, Cloak",965686
1320022,T19M2+T20M2,None,965663
2320021,T19M2+T20M2,None,965648
1320011,T19M2+T20M2,"Bracers, Cloak",965578
1310033,T19M4+T20M2,None,965147
1320013,T19M,"Bracers, Cloak",965056
2320031,T19M2+T20M2,"Bracers, Cloak",964710
3320013,T19M2+T20M2,"Insignia, Cloak",964618
3330032,T19M2+T20M4,None,964555
2320013,T19M2+T20M2,"Bracers, Cloak",964475
1320011,T19M,"Insignia, Bracers",964355
2320012,T20M,"Bracers, Cloak",964271
2320013,T19M,"Bracers, Cloak",963774
2310032,T19M4+T20M2,None,963328
2330031,T19M2+T20M4,None,963282
2320013,T19M,"Insignia, Bracers",963228
3330031,T19M2+T20M4,None,963036
3320031,T19M,"Insignia, Cloak",962524
3320023,T19M2+T20M2,None,962407
1310032,T19M4+T20M2,None,962225
1330032,T19M2+T20M4,None,961201
2310033,T19M4+T20M2,None,961171
1320031,T19M,"Insignia, Bracers",961047
2310031,T19M2+T20M4,None,960867
2320011,T19M2+T20M2,"Bracers, Cloak",960798
3330023,T19M,None,960553
3320012,T20M,"Insignia, Cloak",960315
2320031,T19M,"Insignia, Cloak",960104
3310031,T19M2+T20M4,None,959992
2320022,T19M2+T20M2,None,959876
2330033,T19M2+T20M4,None,959711
1320031,T19M,"Bracers, Cloak",959624
1330033,T19M4+T20M2,None,959124
2330023,T19M,None,959062
3320011,T19M,"Insignia, Cloak",958991
2320011,T19M,"Insignia, Cloak",958975
1320021,T19M,None,958112
1320023,T19M2+T20M2,None,957272
2330032,T19M2+T20M4,None,956806
1320012,T19M2+T20M2,"Insignia, Bracers",956740
1320013,T19M2+T20M2,"Insignia, Cloak",956233
1330031,T19M4+T20M2,None,956204
2320012,T20M,"Insignia, Cloak",956092
1320013,T19M2+T20M2,"Bracers, Cloak",956029
1320012,T20M,"Bracers, Cloak",955916
3330033,T19M4+T20M2,None,955726
2320013,T19M2+T20M2,"Insignia, Cloak",955457
1320012,T20M,"Insignia, Cloak",954982
1320011,T19M,"Bracers, Cloak",954729
3330033,T20M,None,954712
1310011,T19M2+T20M4,None,954504
3310033,T20M,None,954356
1310031,T19M4+T20M2,None,954282
1330033,T20M,None,952982
1320023,T19M,None,952854
1330031,T20M,None,952230
2330021,T19M,None,952189
1330011,T19M2+T20M4,None,952154
2320011,T19M,"Insignia, Bracers",950496
3310013,T19M2+T20M4,None,949483
2310011,T19M2+T20M4,None,949034
2320031,T19M,"Insignia, Bracers",948402
3310013,T19M4+T20M2,None,947909
3320023,T19M,None,946668
2320023,T19M2+T20M2,None,946307
1310033,T20M,None,945892
2330033,T19M4+T20M2,None,944307
2320031,T19M,"Bracers, Cloak",944224
3310011,T19M2+T20M4,None,943567
2310013,T19M2+T20M4,None,943390
2320011,T19M,"Bracers, Cloak",942722
3330032,T20M,None,942424
1330032,T20M,None,942275
1330032,T19M,None,942139
2310033,T20M,None,942115
3330031,T20M,None,942015
3310032,T19M2+T20M4,None,941965
3310031,T19M4+T20M2,None,941855
2310031,T19M4+T20M2,None,941829
2330011,T19M2+T20M4,None,941619
2310032,T19M2+T20M4,None,940954
1310013,T19M2+T20M4,None,940859
1310013,T19M4+T20M2,None,940338
2320012,T19M2+T20M2,"Bracers, Cloak",940275
3330013,T19M2+T20M4,None,940165
3330021,T19M,None,940150
3330011,T19M2+T20M4,None,940089
3310012,T19M4+T20M2,None,939986
2310013,T19M4+T20M2,None,939870
1310011,T19M4+T20M2,None,939799
3320032,T19M4+T20M2,None,939578
1330031,T19M2+T20M2,None,938836
2330031,T20M,None,938779
2320023,T19M,None,938479
3330031,T19M4+T20M2,None,938032
3330032,T19M,None,937951
2330033,T20M,None,937277
1310032,T19M2+T20M4,None,936810
3310032,T19M,None,936627
2330031,T19M4+T20M2,None,936428
1310031,T20M,None,936112
3320012,T19M2+T20M2,"Insignia, Cloak",935911
3310033,T19M2+T20M2,None,935682
2310012,T19M4+T20M2,None,935496
1330011,T19M4+T20M2,None,935453
1330013,T19M2+T20M4,None,935396
1310033,T19M,None,935220
1310011,T20M,None,934149
2330032,T20M,None,934131
2320012,T19M2+T20M2,"Insignia, Cloak",933907
3330012,T19M4+T20M2,None,933476
1330013,T19M4+T20M2,None,933387
1310032,T19M,None,933171
2330013,T19M2+T20M4,None,932681
3310033,T19M,None,932577
2320021,T19M,None,932214
3330033,T19M2+T20M2,None,931949
3320021,T19M,None,931728
2310011,T19M4+T20M2,None,931589
3330013,T19M4+T20M2,None,931228
2310032,T19M,None,931084
2330032,T19M,None,931018
1330033,T19M2+T20M2,None,930994
1330011,T20M,None,930731
1320012,T19M2+T20M2,"Insignia, Cloak",930673
1320032,T19M4+T20M2,None,930538
1330033,T19M,None,930230
1320012,T19M2+T20M2,"Bracers, Cloak",930200
1310012,T19M4+T20M2,None,930032
3310011,T19M4+T20M2,None,929973
2330012,T19M4+T20M2,None,929048
1330012,T19M4+T20M2,None,927880
3310013,T20M,None,927607
2310031,T20M,None,927318
1310033,T19M2+T20M2,None,926408
2320032,T19M4+T20M2,None,926343
3310031,T20M,None,925951
2310033,T19M2+T20M2,None,925887
2330031,T19M2+T20M2,None,925490
3330031,T19M2+T20M2,None,925447
2310033,T19M,None,925161
3320033,T19M4+T20M2,None,924933
2310011,T20M,None,924326
3320033,T19M2+T20M4,None,924262
3310011,T20M,None,923861
2330013,T19M4+T20M2,None,923440
3310032,T20M,None,923348
3330032,T19M2+T20M2,None,922922
1330031,T19M,None,922510
2330011,T19M4+T20M2,None,921617
1310011,T19M2+T20M2,None,921493
2330033,T19M2+T20M2,None,921292
3330011,T19M4+T20M2,None,921101
3330033,T19M,None,921050
1310031,T19M2+T20M2,None,921022
1310032,T20M,None,920954
2310032,T20M,None,920315
1330032,T19M2+T20M2,None,920033
3330011,T20M,None,919568
1310013,T20M,None,919490
3330013,T20M,None,919490
3320031,T19M2+T20M4,None,919233
1320031,T19M2+T20M4,None,918373
2330011,T20M,None,918215
2310013,T20M,None,917252
1330011,T19M2+T20M2,None,916637
1330013,T20M,None,916356
2310011,T19M2+T20M2,None,915260
2330032,T19M2+T20M2,None,915008
1320033,T19M4+T20M2,None,913955
2310031,T19M2+T20M2,None,913086
1320033,T19M2+T20M4,None,912307
1310031,T19M,None,911144
2330033,T19M,None,911138
1310011,T19M,None,910971
3310013,T19M,None,910908
3310031,T19M2+T20M2,None,910605
2320033,T19M2+T20M4,None,910451
3310011,T19M2+T20M2,None,910350
1310013,T19M,None,909662
2310012,T19M2+T20M4,None,909086
3310012,T19M2+T20M4,None,909017
3310012,T19M,None,908771
2330013,T20M,None,908760
3310013,T19M2+T20M2,None,908393
2320033,T19M4+T20M2,None,908118
1320031,T19M4+T20M2,None,907573
3320012,T19M4+T20M2,None,907372
3310032,T19M2+T20M2,None,906933
3320032,T19M,None,906696
2320031,T19M2+T20M4,None,906503
3330011,T19M2+T20M2,None,906312
2310013,T19M,None,906011
3320033,T20M,None,905632
2310012,T19M,None,905557
2330011,T19M2+T20M2,None,905261
1310012,T19M,None,905123
2310032,T19M2+T20M2,None,905116
1320011,T19M2+T20M4,None,904484
3330012,T19M2+T20M4,None,904435
2330012,T19M2+T20M4,None,904374
3320031,T19M4+T20M2,None,903681
2310013,T19M2+T20M2,None,903342
1330011,T19M,None,903290
1320032,T19M,None,903126
3320032,T19M2+T20M4,None,903059
3330012,T19M,None,902727
1330013,T19M,None,902400
3320013,T19M4+T20M2,None,902257
3320011,T19M2+T20M4,None,902245
1330012,T19M2+T20M4,None,902201
3330013,T19M2+T20M2,None,902101
1310032,T19M2+T20M2,None,901854
1310012,T19M2+T20M4,None,901525
1310013,T19M2+T20M2,None,900623
1330012,T19M,None,900206
3320013,T19M2+T20M4,None,899336
3330031,T19M,None,899197
2320012,T19M4+T20M2,None,898416
1330013,T19M2+T20M2,None,897561
2320032,T19M2+T20M4,None,896920
2330031,T19M,None,896795
1320032,T19M2+T20M4,None,896385
2320032,T19M,None,896282
3330013,T19M,None,895833
2310031,T19M,None,895757
1320011,T19M4+T20M2,None,895609
2330012,T19M,None,895540
2310011,T19M,None,895245
2320011,T19M2+T20M4,None,894769
3310031,T19M,None,894629
1320033,T20M,None,894288
1320012,T19M4+T20M2,None,893902
2330013,T19M2+T20M2,None,893897
2320031,T19M4+T20M2,None,893724
3310011,T19M,None,891894
3320011,T19M4+T20M2,None,891455
3310012,T20M,None,891325
3320033,T19M,None,891057
1320031,T20M,None,890814
2310012,T20M,None,889992
3320031,T20M,None,889232
2330013,T19M,None,888995
3320032,T20M,None,888787
3330012,T20M,None,887929
1320013,T19M4+T20M2,None,887643
2320013,T19M4+T20M2,None,887445
2320033,T20M,None,886918
1320033,T19M,None,886443
2320013,T19M2+T20M4,None,885874
1310012,T20M,None,885618
3320033,T19M2+T20M2,None,884982
1320013,T19M2+T20M4,None,884689
1320011,T20M,None,884583
3320011,T20M,None,884325
3330011,T19M,None,883879
2320011,T19M4+T20M2,None,883185
1330012,T20M,None,882964
1320032,T20M,None,882688
2330011,T19M,None,881940
3320012,T19M,None,881033
3320013,T20M,None,880747
2330012,T20M,None,880461
2320032,T20M,None,879211
2320031,T20M,None,878808
2320033,T19M,None,877403
2320011,T20M,None,875799
1320033,T19M2+T20M2,None,874315
2310012,T19M2+T20M2,None,874260
3310012,T19M2+T20M2,None,874248
1320012,T19M,None,873285
1320031,T19M2+T20M2,None,872857
1320011,T19M2+T20M2,None,871887
3320013,T19M,None,871805
3320031,T19M2+T20M2,None,871356
2320033,T19M2+T20M2,None,870576
3330012,T19M2+T20M2,None,869125
3320012,T19M2+T20M4,None,868480
2320012,T19M,None,868430
3320032,T19M2+T20M2,None,868331
3320011,T19M2+T20M2,None,868258
2330012,T19M2+T20M2,None,867348
1320031,T19M,None,867088
1320013,T20M,None,866527
1310012,T19M2+T20M2,None,866298
2320012,T19M2+T20M4,None,865219
1320013,T19M,None,865130
1330012,T19M2+T20M2,None,865040
2320013,T20M,None,864750
1320011,T19M,None,863703
2320031,T19M2+T20M2,None,863091
2320011,T19M2+T20M2,None,862606
1320032,T19M2+T20M2,None,861373
3320031,T19M,None,860857
2320032,T19M2+T20M2,None,859766
1320012,T19M2+T20M4,None,859609
3320013,T19M2+T20M2,None,859217
2320013,T19M,None,857433
3320011,T19M,None,855673
3320012,T20M,None,855145
2320031,T19M,None,850779
2320011,T19M,None,849600
2320013,T19M2+T20M2,None,848652
1320013,T19M2+T20M2,None,848313
1320012,T20M,None,848217
2320012,T20M,None,846388
3320012,T19M2+T20M2,None,834052
2320012,T19M2+T20M2,None,828721
1320012,T19M2+T20M2,None,826130
1320012,T19M2+T20H2,None,731610
